Jednostka terytorialna;Kod;2005;2006;2007;2008;2009;2010;2011;2012;2013;2014;2015;2016;2017;2018;2019;2020;2021;2022;2023
Powiat bocheński;011212001000;90;102;101;71;103;93;96;79;100;115;98;84;102;129;138;88;97;94;85
Powiat krakowski;011212006000;325;322;319;251;267;295;336;259;359;357;367;304;339;389;440;333;392;360;406
Powiat miechowski;011212008000;57;67;76;61;46;53;61;45;43;48;43;58;64;46;70;56;56;48;47
Powiat myślenicki;011212009000;85;134;97;82;131;93;89;89;108;117;110;114;103;102;134;130;162;169;117
Powiat proszowicki;011212014000;64;51;57;43;46;43;54;46;45;46;42;47;46;49;57;46;66;51;55
Powiat wielicki;011212019000;152;149;146;113;112;114;116;94;133;145;138;115;125;156;171;136;177;195;180
Powiat m. Kraków;011212161000;1367;1423;1543;1493;1578;1805;1714;1601;1781;1661;1501;1477;1678;1785;1842;1658;2075;2117;1919
Powiat gorlicki;011212205000;133;123;113;88;89;94;125;122;132;77;88;123;109;137;125;120;111;124;80
Powiat limanowski;011212207000;167;168;174;110;100;113;131;93;139;147;130;103;148;164;170;155;107;123;120
Powiat nowosądecki;011212210000;265;270;256;192;215;227;245;233;278;277;235;220;245;256;289;246;302;275;288
Powiat m. Nowy Sącz;011212262000;228;288;298;212;172;226;190;231;236;171;164;177;177;198;177;179;228;221;178
Powiat chrzanowski;011212303000;105;143;158;125;108;129;150;130;125;154;114;118;125;132;146;108;107;96;105
Powiat olkuski;011212312000;134;115;106;109;111;104;130;116;112;117;115;103;115;130;130;116;126;136;131
Powiat oświęcimski;011212313000;163;171;186;153;173;161;161;151;178;155;129;177;172;181;139;156;155;171;160
Powiat wadowicki;011212318000;164;127;140;121;112;101;107;110;119;143;116;115;146;152;176;110;118;126;137
Powiat brzeski;011212402000;107;122;76;75;72;73;115;100;67;66;79;98;112;111;107;77;141;106;82
Powiat dąbrowski;011212404000;56;68;86;45;49;70;66;56;47;44;58;49;57;63;66;63;67;52;63
Powiat tarnowski;011212416000;247;230;215;188;200;187;255;205;263;223;239;230;213;288;234;216;226;274;264
Powiat m. Tarnów;011212463000;263;292;307;252;210;244;272;247;275;251;267;208;242;230;285;199;314;232;235
Powiat nowotarski;011216911000;172;144;134;102;143;158;171;156;219;124;179;146;138;159;190;157;209;173;190
Powiat suski;011216915000;86;84;92;68;55;67;63;76;65;60;81;83;46;93;137;86;68;109;65
Powiat tatrzański;011216917000;99;101;102;89;78;76;66;70;87;87;73;64;85;65;93;74;113;104;98
Powiat bielski;012414402000;213;188;216;173;192;192;209;182;221;196;213;194;204;196;253;204;263;214;222
Powiat cieszyński;012414403000;129;143;154;152;124;124;132;136;157;119;157;131;138;158;180;138;136;144;139
Powiat żywiecki;012414417000;119;121;107;81;119;107;117;109;122;114;150;101;127;127;140;115;125;78;96
Powiat m. Bielsko-Biała;012414461000;361;370;414;391;388;449;419;385;460;395;369;362;390;384;446;386;476;405;374
Powiat lubliniecki;012414507000;82;77;96;69;60;65;67;58;96;62;56;49;64;74;56;54;72;97;85
Powiat tarnogórski;012414513000;182;194;161;131;145;122;145;129;168;160;148;139;171;147;189;137;159;141;150
Powiat m. Bytom;012414562000;390;423;444;343;401;426;408;403;424;394;378;374;303;419;444;351;424;406;388
Powiat m. Piekary Śląskie;012414571000;115;113;124;98;132;132;121;113;146;125;105;141;124;130;126;118;142;107;87
Powiat częstochowski;012414604000;201;260;224;157;170;176;175;175;147;194;140;165;181;195;238;171;181;190;177
Powiat kłobucki;012414606000;85;87;83;71;69;69;77;65;116;68;65;83;94;85;113;68;79;67;74
Powiat myszkowski;012414609000;77;70;43;58;71;53;80;67;72;67;72;71;77;92;69;63;105;93;73
Powiat m. Częstochowa;012414664000;463;449;514;471;430;447;463;388;441;386;359;387;353;430;409;350;409;367;368
Powiat gliwicki;012414705000;205;190;197;161;169;158;173;187;205;188;206;201;154;253;187;172;182;167;162
Powiat m. Gliwice;012414766000;402;404;464;368;381;373;424;393;373;409;351;376;352;389;412;315;412;336;326
Powiat m. Zabrze;012414778000;399;387;354;345;325;367;365;333;381;393;308;342;334;315;372;343;442;313;349
Powiat m. Chorzów;012414863000;269;305;290;276;280;326;326;328;328;300;304;302;283;291;318;281;292;354;284
Powiat m. Katowice;012414869000;722;787;781;695;668;763;723;649;736;715;779;647;688;781;826;648;753;708;611
Powiat m. Mysłowice;012414870000;139;149;159;150;158;165;157;162;150;163;152;156;124;151;186;168;185;157;160
Powiat m. Ruda Śląska;012414872000;229;266;233;248;285;251;283;271;298;320;264;275;281;327;309;235;319;288;269
Powiat m. Siemianowice Śląskie;012414874000;190;162;172;168;179;191;203;170;217;170;161;183;175;215;141;153;172;134;143
Powiat m. Świętochłowice;012414876000;181;185;178;124;151;152;206;175;160;140;125;162;170;151;147;125;176;139;155
Powiat raciborski;012414911000;83;111;109;84;97;82;110;98;106;106;99;100;96;89;104;90;97;105;109
Powiat rybnicki;012414912000;125;157;121;101;115;130;128;118;134;126;126;130;117;162;165;126;149;128;137
Powiat wodzisławski;012414915000;176;206;204;201;211;177;198;196;193;193;189;163;184;234;209;204;186;193;167
Powiat m. Jastrzębie-Zdrój;012414967000;248;314;309;313;255;251;242;220;235;204;203;176;186;198;167;202;210;169;148
Powiat m. Rybnik;012414973000;299;276;296;262;240;259;313;292;267;230;252;227;255;301;339;318;327;305;225
Powiat m. Żory;012414979000;201;249;232;215;214;190;155;157;153;158;135;160;121;151;156;106;108;109;96
Powiat będziński;012415001000;257;274;321;252;266;259;253;295;325;310;247;230;238;317;284;211;232;227;220
Powiat zawierciański;012415016000;146;147;134;127;106;117;128;105;133;99;119;113;121;145;122;97;88;130;137
Powiat m. Dąbrowa Górnicza;012415065000;306;287;300;281;284;282;246;248;236;253;236;227;233;272;257;228;226;187;208
Powiat m. Jaworzno;012415068000;110;99;115;102;112;106;77;91;111;118;98;80;99;107;120;105;89;84;88
Powiat m. Sosnowiec;012415075000;463;474;519;461;468;444;456;449;473;396;398;366;393;449;402;374;399;336;344
Powiat mikołowski;012415108000;97;114;113;107;97;133;112;109;126;102;114;149;110;158;153;120;126;128;124
Powiat pszczyński;012415110000;208;217;192;162;164;210;155;194;205;182;158;189;166;203;205;152;207;159;147
Powiat bieruńsko-lędziński;012415114000;98;90;114;115;98;108;109;99;111;104;106;102;114;143;145;100;109;102;97
Powiat m. Tychy;012415177000;251;338;280;287;268;292;240;244;261;276;223;223;210;313;280;251;267;283;243
Powiat gorzowski;020811301000;172;144;179;157;177;152;171;132;204;156;173;184;184;172;170;143;125;143;134
Powiat międzyrzecki;020811303000;106;145;120;109;94;107;107;101;143;100;97;109;84;118;117;72;83;105;91
Powiat słubicki;020811305000;112;94;90;87;78;64;78;83;78;83;75;67;64;50;65;58;82;54;43
Powiat strzelecko-drezdenecki;020811306000;93;92;114;77;81;85;65;64;98;105;79;67;82;91;107;89;83;71;63
Powiat sulęciński;020811307000;102;118;97;94;97;92;94;127;77;82;71;89;85;79;85;85;77;55;81
Powiat m. Gorzów Wielkopolski;020811361000;355;332;364;319;327;345;359;300;300;306;290;256;268;287;347;353;397;429;360
Powiat krośnieński;020811402000;131;176;158;101;99;110;97;94;84;107;80;80;99;88;111;54;64;84;50
Powiat nowosolski;020811404000;122;118;133;114;111;91;116;95;98;104;113;95;92;103;140;74;107;102;69
Powiat świebodziński;020811408000;101;86;102;81;51;79;85;76;78;90;67;78;77;84;111;53;75;62;70
Powiat zielonogórski;020811409000;191;224;254;218;198;255;239;166;237;216;138;144;132;137;215;114;127;132;107
Powiat żagański;020811410000;179;234;167;191;174;124;167;108;156;107;136;118;144;137;114;140;140;140;106
Powiat żarski;020811411000;162;154;127;157;139;98;121;122;135;130;97;110;123;129;143;111;121;106;84
Powiat wschowski;020811412000;54;64;81;45;65;66;90;42;39;93;69;50;64;80;83;52;62;51;49
Powiat m. Zielona Góra;020811462000;301;333;428;324;344;313;332;343;331;248;218;223;214;268;268;190;237;273;253
Powiat jarociński;023015706000;92;69;111;86;94;91;98;93;99;64;71;65;77;75;88;73;81;73;86
Powiat kaliski;023015707000;114;146;147;97;115;133;108;115;119;123;135;111;138;144;141;132;122;116;123
Powiat kępiński;023015708000;65;57;46;36;47;59;57;71;68;48;53;61;72;53;53;48;54;76;43
Powiat krotoszyński;023015712000;99;86;87;80;79;105;92;71;115;86;103;96;74;117;93;68;90;90;77
Powiat ostrowski;023015717000;135;188;186;131;135;111;144;132;109;122;135;134;168;156;151;103;140;133;137
Powiat ostrzeszowski;023015718000;77;60;76;46;50;56;52;55;64;65;77;67;66;73;72;59;54;58;52
Powiat pleszewski;023015720000;85;98;98;85;82;92;107;73;87;97;77;90;90;80;106;101;94;95;84
Powiat m. Kalisz;023015761000;226;225;241;201;258;198;231;179;250;212;192;214;204;190;219;163;269;221;183
Powiat gnieźnieński;023015803000;167;204;197;144;173;125;170;127;183;139;124;121;145;151;169;123;151;139;130
Powiat kolski;023015809000;103;122;110;95;104;115;98;108;129;97;109;126;103;113;138;91;99;113;93
Powiat koniński;023015810000;145;196;176;177;172;144;171;157;176;169;164;155;163;249;222;179;147;191;160
Powiat słupecki;023015823000;76;90;101;87;86;86;85;75;84;58;90;68;72;105;81;57;85;82;53
Powiat turecki;023015827000;77;72;72;60;77;81;49;105;80;61;57;77;72;90;97;53;81;77;69
Powiat wrzesiński;023015830000;103;89;95;63;76;91;84;104;84;76;69;73;89;99;101;88;86;69;71
Powiat m. Konin;023015862000;223;268;273;288;248;217;212;209;259;226;235;205;200;227;280;229;256;253;211
Powiat gostyński;023015904000;89;108;110;117;67;106;110;105;119;105;101;118;97;118;131;88;81;123;109
Powiat grodziski;023015905000;67;70;94;51;74;59;55;74;72;53;82;60;64;69;117;52;84;69;68
Powiat kościański;023015911000;94;74;108;89;83;75;108;101;106;88;107;92;108;113;103;98;98;97;81
Powiat leszczyński;023015913000;91;125;92;89;92;96;100;100;114;104;95;114;101;98;102;97;122;99;91
Powiat międzychodzki;023015914000;52;61;59;41;58;53;39;41;51;39;42;62;60;45;65;46;58;45;52
Powiat nowotomyski;023015915000;114;82;124;98;113;88;81;83;121;96;92;105;96;100;96;86;87;78;87
Powiat rawicki;023015922000;73;82;77;51;70;78;81;94;85;53;97;63;69;67;74;53;82;60;50
Powiat wolsztyński;023015929000;60;80;95;66;79;50;68;71;94;81;76;63;72;75;77;69;56;63;81
Powiat m. Leszno;023015963000;139;140;179;182;170;174;182;175;198;195;183;188;198;202;215;228;257;246;199
Powiat chodzieski;023016001000;56;93;50;58;51;53;60;61;67;58;54;71;68;50;53;59;55;54;62
Powiat czarnkowsko-trzcianecki;023016002000;99;124;148;98;119;115;134;124;89;126;109;85;122;116;120;100;108;84;85
Powiat pilski;023016019000;186;217;218;213;200;218;199;211;181;186;169;218;174;201;236;132;158;168;168
Powiat wągrowiecki;023016028000;83;92;119;114;92;114;82;75;105;76;84;92;80;92;98;88;73;72;59
Powiat złotowski;023016031000;140;112;114;86;97;111;79;106;98;80;101;89;116;108;126;110;82;97;76
Powiat obornicki;023016116000;63;80;89;69;65;83;66;91;77;78;54;69;76;68;74;56;62;62;67
Powiat poznański;023016121000;531;555;597;534;533;561;507;576;612;629;612;504;533;643;680;488;541;571;643
Powiat szamotulski;023016124000;78;116;111;102;83;86;119;101;107;129;103;87;87;126;134;80;115;99;131
Powiat średzki;023016125000;86;59;61;41;62;69;55;83;76;93;76;64;59;91;69;60;77;62;53
Powiat śremski;023016126000;71;106;110;71;55;61;66;63;84;92;70;60;85;95;72;69;54;60;66
Powiat m. Poznań;023016264000;1876;1914;2206;1965;1983;2112;2063;1898;2067;1786;1838;1761;1844;2034;2139;1688;1886;1738;1674
Powiat białogardzki;023216301000;103;90;103;113;87;83;85;78;91;85;82;94;83;76;82;78;108;76;72
Powiat kołobrzeski;023216308000;134;138;124;126;128;136;119;96;87;106;101;100;91;106;121;88;115;81;65
Powiat koszaliński;023216309000;210;196;173;201;154;170;150;153;197;188;238;170;203;218;209;134;166;164;142
Powiat sławieński;023216313000;117;121;127;94;101;85;81;84;72;100;95;87;111;93;104;87;77;96;79
Powiat m. Koszalin;023216361000;259;286;309;252;225;252;243;231;210;217;194;237;216;288;328;246;291;246;256
Powiat choszczeński;023216402000;124;155;140;104;106;118;123;128;87;113;93;70;89;111;121;81;79;104;73
Powiat drawski;023216403000;157;141;172;125;88;112;105;116;111;97;80;105;99;86;119;97;88;70;63
Powiat myśliborski;023216410000;124;107;142;106;102;126;122;102;116;110;76;100;114;111;128;93;91;88;87
Powiat pyrzycki;023216412000;96;106;123;79;101;88;96;73;64;72;76;50;80;95;108;70;69;64;70
Powiat szczecinecki;023216415000;110;148;148;127;121;122;149;110;107;116;101;96;105;101;130;87;96;97;70
Powiat świdwiński;023216416000;150;139;189;107;101;98;137;81;97;103;86;88;79;112;96;59;87;61;56
Powiat wałecki;023216417000;150;168;144;126;104;102;116;107;110;82;75;75;95;91;77;61;85;64;70
Powiat łobeski;023216418000;96;100;118;93;66;94;98;74;101;65;80;81;90;87;91;55;69;62;70
Powiat m. Szczecin;023216562000;716;936;999;989;798;876;871;776;908;815;721;700;738;818;849;805;977;916;862
Powiat goleniowski;023216604000;117;165;148;125;138;108;157;116;123;90;116;121;114;120;118;83;96;92;83
Powiat gryficki;023216605000;132;138;159;106;124;106;109;121;94;116;73;93;106;101;106;91;78;72;75
Powiat gryfiński;023216606000;122;141;136;144;164;160;125;112;150;124;129;126;130;125;145;112;116;103;115
Powiat kamieński;023216607000;101;128;108;86;111;117;89;103;92;83;78;75;66;83;87;71;61;76;61
Powiat policki;023216611000;199;199;194;243;261;250;262;226;200;265;222;254;213;220;228;166;178;187;169
Powiat stargardzki;023216614000;231;254;237;192;219;180;186;168;168;140;177;116;147;150;189;138;119;104;131
Powiat m. Świnoujście;023216663000;93;89;82;104;76;70;75;89;67;75;56;54;58;65;75;46;65;66;71
Powiat bolesławiecki;030210101000;130;173;187;140;126;152;144;139;156;101;128;87;123;98;115;96;106;124;82
Powiat jaworski;030210105000;64;99;86;100;85;69;90;89;75;94;71;64;80;94;101;74;87;59;68
Powiat karkonoski;030210106000;149;177;152;144;124;140;146;108;110;119;119;135;106;128;138;114;80;127;118
Powiat kamiennogórski;030210107000;53;86;67;65;69;73;60;47;84;69;46;40;56;56;44;64;60;37;45
Powiat lubański;030210110000;72;103;110;99;84;83;72;83;79;79;64;81;62;75;85;62;96;56;77
Powiat lwówecki;030210112000;100;98;118;76;90;69;69;86;92;91;76;80;84;88;61;70;83;60;67
Powiat zgorzelecki;030210125000;99;174;124;123;118;125;105;115;113;100;94;82;85;101;92;92;70;77;75
Powiat złotoryjski;030210126000;52;87;73;70;49;92;54;64;98;85;68;76;66;61;88;78;78;50;70
Powiat m. Jelenia Góra;030210161000;185;231;251;194;204;218;173;163;196;162;117;156;147;183;189;151;200;121;129
Powiat głogowski;030210203000;135;186;217;192;156;145;185;144;155;141;132;130;136;159;145;127;135;183;156
Powiat górowski;030210204000;73;79;78;76;63;60;72;53;64;73;70;76;67;88;76;88;81;58;57
Powiat legnicki;030210209000;94;167;120;124;127;101;129;128;112;138;125;118;103;141;128;81;127;117;80
Powiat lubiński;030210211000;217;211;192;184;172;213;159;149;183;135;125;115;142;156;163;139;143;131;135
Powiat polkowicki;030210216000;156;156;129;149;137;116;108;107;151;121;139;114;141;128;124;102;111;90;94
Powiat m. Legnica;030210262000;192;282;265;272;209;232;233;198;229;219;213;180;206;262;255;208;266;251;245
Powiat dzierżoniowski;030210302000;85;98;111;80;89;118;97;100;97;101;95;83;84;121;98;80;95;63;87
Powiat kłodzki;030210308000;204;190;163;178;185;184;155;140;139;130;141;105;136;151;162;110;161;126;102
Powiat świdnicki;030210319000;109;182;183;173;135;136;154;170;164;134;174;159;149;196;160;113;173;142;112
Powiat wałbrzyski;030210321000;180;187;219;190;189;199;184;174;127;121;101;92;113;122;96;102;112;98;94
Powiat ząbkowicki;030210324000;107;95;86;102;88;114;90;108;78;97;98;67;83;95;89;81;87;69;72
Powiat m. Wałbrzych od 2013;030210365000;;;;;;;;;154;207;184;193;155;201;189;168;198;152;178
Powiat milicki;030210413000;63;72;55;49;46;48;61;60;47;48;45;59;63;49;54;35;51;44;54
Powiat oleśnicki;030210414000;132;135;131;137;102;122;103;122;120;129;137;111;101;125;139;99;124;101;121
Powiat oławski;030210415000;113;147;112;106;110;79;103;129;79;155;81;88;106;134;104;93;119;97;86
Powiat strzeliński;030210417000;75;69;73;60;72;59;71;60;81;57;53;69;59;73;77;72;68;75;54
Powiat średzki;030210418000;102;76;124;95;84;98;105;101;96;96;89;93;88;112;104;100;95;89;90
Powiat trzebnicki;030210420000;117;129;127;150;127;102;132;127;100;112;94;109;98;131;141;130;116;87;94
Powiat wołowski;030210422000;73;64;73;83;67;51;68;57;75;53;52;57;68;67;80;55;70;76;65
Powiat wrocławski;030210423000;245;282;282;355;332;289;306;287;338;334;307;325;330;325;371;336;411;388;391
Powiat m. Wrocław;030210564000;1130;1474;1433;1350;1423;1609;1611;1465;1682;1523;1436;1366;1592;1949;2107;1837;2186;2089;2141
Powiat brzeski;031613101000;117;147;147;118;132;126;135;102;134;126;137;107;124;121;120;83;113;87;97
Powiat głubczycki;031613102000;81;107;84;66;75;78;68;61;78;61;53;82;66;71;80;67;45;53;34
Powiat namysłowski;031613106000;72;67;88;54;77;64;54;50;66;68;51;43;63;58;54;41;48;46;54
Powiat nyski;031613107000;168;231;158;176;177;182;163;112;164;153;116;116;116;115;157;112;109;133;121
Powiat prudnicki;031613110000;66;86;59;67;73;55;83;84;41;60;62;59;50;70;74;60;90;76;68
Powiat kędzierzyńsko-kozielski;031613203000;79;105;97;73;112;83;76;106;81;107;102;69;81;80;77;73;101;66;71
Powiat kluczborski;031613204000;70;86;82;77;69;74;62;60;50;64;64;83;64;96;84;73;84;80;69
Powiat krapkowicki;031613205000;58;71;92;59;60;73;68;73;83;80;69;77;53;75;70;69;69;54;53
Powiat oleski;031613208000;78;65;52;61;84;69;64;69;68;70;54;71;84;72;85;75;56;60;77
Powiat opolski;031613209000;143;174;186;162;134;159;170;133;167;155;149;178;164;192;163;151;135;118;120
Powiat strzelecki;031613211000;76;77;66;67;55;78;74;57;71;65;55;60;86;74;88;65;71;78;84
Powiat m. Opole;031613261000;288;331;345;327;310;306;324;272;297;262;214;235;217;218;268;245;287;255;250
Powiat bydgoski;040410603000;185;250;252;198;263;289;259;220;237;275;244;177;199;259;291;188;196;225;212
Powiat toruński;040410615000;158;203;205;164;127;179;201;209;188;219;175;155;186;195;187;160;197;196;176
Powiat m. Bydgoszcz;040410661000;979;1094;1124;960;916;933;940;863;772;690;749;773;714;883;969;944;1055;993;979
Powiat m. Toruń;040410663000;549;708;631;561;563;563;512;530;571;513;525;487;438;594;587;522;593;582;477
Powiat brodnicki;040410702000;105;110;112;72;110;79;99;88;89;74;89;97;73;105;82;85;93;76;97
Powiat chełmiński;040410704000;112;128;90;71;91;84;77;102;77;48;58;75;69;92;120;60;84;60;47
Powiat golubsko-dobrzyński;040410705000;89;98;98;77;76;80;76;81;48;78;55;67;65;82;70;85;96;77;63
Powiat grudziądzki;040410706000;166;158;188;125;148;132;145;133;124;151;99;110;127;136;110;104;74;118;116
Powiat rypiński;040410712000;102;102;92;83;73;72;63;67;64;76;67;60;76;70;89;43;78;78;54
Powiat wąbrzeski;040410717000;84;79;83;50;63;50;67;53;63;69;72;60;59;74;61;54;29;40;45
Powiat m. Grudziądz;040410762000;240;262;238;199;213;212;212;206;186;207;216;159;186;204;240;201;193;212;202
Powiat aleksandrowski;040410801000;102;86;79;73;61;34;81;67;58;57;63;70;72;52;81;45;67;62;57
Powiat lipnowski;040410808000;114;129;115;133;100;114;92;100;123;104;121;111;103;127;125;104;102;110;91
Powiat radziejowski;040410811000;70;110;74;63;51;66;75;71;58;65;53;49;65;58;82;72;78;79;72
Powiat włocławski;040410818000;179;204;148;170;145;151;129;131;149;128;140;128;143;131;164;122;153;109;139
Powiat m. Włocławek;040410864000;246;270;240;228;197;192;238;208;240;196;175;187;195;208;260;221;265;220;222
Powiat inowrocławski;040416707000;209;213;195;184;202;179;175;175;184;158;153;164;148;174;230;156;168;145;137
Powiat mogileński;040416709000;67;87;75;74;74;75;92;83;82;67;76;61;73;71;78;64;65;59;85
Powiat nakielski;040416710000;119;134;143;138;153;165;167;158;120;123;112;93;118;154;129;85;151;108;112
Powiat żniński;040416719000;121;116;104;119;95;100;118;111;113;102;91;95;108;111;134;105;102;109;77
Powiat sępoleński;040416813000;60;86;100;85;81;83;64;59;79;74;62;74;74;82;57;73;68;64;80
Powiat świecki;040416814000;223;143;133;138;143;115;109;122;122;132;146;112;119;151;118;117;120;125;112
Powiat tucholski;040416816000;87;69;74;65;57;69;78;65;76;64;55;60;78;83;87;54;77;61;44
Powiat gdański;042214004000;212;227;196;217;166;194;197;188;220;208;237;208;219;267;263;206;245;231;256
Powiat kartuski;042214005000;126;158;152;119;131;147;126;131;137;118;160;167;135;229;182;175;175;185;217
Powiat nowodworski;042214010000;77;75;71;62;85;79;67;67;71;75;78;66;70;56;65;54;58;51;42
Powiat pucki;042214011000;197;187;171;168;144;121;178;147;171;179;170;152;126;171;152;124;145;190;195
Powiat wejherowski;042214015000;286;367;420;282;301;313;281;265;321;319;318;324;338;408;367;313;328;336;318
Powiat bytowski;042214101000;122;133;144;87;128;126;123;91;96;109;103;101;97;113;116;121;124;90;84
Powiat lęborski;042214108000;121;154;109;137;116;86;133;104;116;97;100;93;67;114;116;95;70;104;82
Powiat słupski;042214112000;305;316;284;243;263;226;203;213;274;211;242;197;230;263;285;227;224;237;214
Powiat m. Słupsk;042214163000;260;348;329;235;220;263;280;241;269;249;246;252;301;360;307;323;376;275;328
Powiat kwidzyński;042214207000;108;112;111;130;81;115;107;86;91;84;95;74;79;113;117;68;70;91;83
Powiat malborski;042214209000;118;124;157;113;88;95;111;85;94;84;91;95;89;135;124;80;104;107;73
Powiat starogardzki;042214213000;128;168;149;131;127;129;147;116;151;147;139;134;133;175;165;153;146;122;137
Powiat tczewski;042214214000;156;187;201;194;161;163;163;99;148;150;158;166;172;150;190;124;148;164;159
Powiat sztumski;042214216000;92;97;100;88;108;120;82;81;88;97;92;98;89;106;92;72;92;93;67
Powiat m. Gdańsk;042214361000;1006;1218;1282;1022;1053;1129;999;1003;964;904;902;921;1019;1093;1042;897;1128;1026;1079
Powiat m. Gdynia;042214362000;830;965;1051;827;846;830;813;684;763;680;655;644;664;730;687;614;733;707;684
Powiat m. Sopot;042214364000;141;207;189;152;104;172;114;98;122;120;132;115;115;117;128;90;112;89;111
Powiat chojnicki;042217202000;121;102;140;108;99;116;116;94;119;114;110;106;97;125;147;119;130;156;116
Powiat człuchowski;042217203000;125;149;148;103;110;108;123;102;111;93;95;85;77;111;92;83;91;109;79
Powiat kościerski;042217206000;101;114;119;95;92;93;77;89;92;99;68;123;87;94;125;106;83;106;106
Powiat braniewski;042815402000;154;147;120;136;97;144;157;164;131;103;93;82;91;104;76;61;73;72;81
Powiat działdowski;042815403000;102;115;130;87;108;101;89;84;107;111;96;83;96;98;99;103;118;86;101
Powiat elbląski;042815404000;144;147;162;162;131;130;133;110;153;167;136;119;142;151;139;124;109;118;119
Powiat iławski;042815407000;137;193;163;155;159;134;121;116;128;134;154;96;107;122;146;109;126;106;94
Powiat nowomiejski;042815412000;93;74;81;84;86;76;67;94;80;88;68;90;76;79;88;72;68;75;58
Powiat ostródzki;042815415000;203;195;262;245;209;216;195;141;160;172;151;129;159;170;165;128;128;153;149
Powiat m. Elbląg;042815461000;252;270;286;242;200;242;241;224;214;198;184;156;179;202;237;170;145;144;166
Powiat ełcki;042815505000;105;124;112;116;92;107;97;116;100;111;81;108;83;121;104;94;116;92;87
Powiat giżycki;042815506000;119;161;115;85;85;82;94;75;81;79;98;72;91;109;78;80;76;75;67
Powiat olecki;042815513000;68;83;82;67;70;71;51;54;66;59;52;46;47;81;83;53;65;36;30
Powiat piski;042815516000;113;126;132;129;129;109;106;105;101;80;75;115;107;104;119;73;71;74;93
Powiat gołdapski;042815518000;58;75;79;63;41;63;46;47;55;60;40;47;46;48;55;48;45;46;47
Powiat węgorzewski;042815519000;55;77;66;42;43;49;69;41;36;42;51;46;47;53;50;51;45;48;44
Powiat bartoszycki;042815601000;144;181;144;135;124;118;135;118;110;103;115;95;105;137;107;89;116;92;68
Powiat kętrzyński;042815608000;135;162;106;98;106;127;89;98;112;94;103;99;111;104;96;69;86;76;98
Powiat lidzbarski;042815609000;99;106;138;89;91;109;85;66;72;75;75;73;80;90;86;98;66;61;76
Powiat mrągowski;042815610000;105;67;81;63;65;86;77;53;93;78;74;54;61;100;90;73;69;66;63
Powiat nidzicki;042815611000;72;77;68;89;64;89;61;53;68;49;71;74;60;58;78;52;41;49;47
Powiat olsztyński;042815614000;238;273;282;285;227;241;281;201;234;298;245;224;238;263;313;221;244;197;228
Powiat szczycieński;042815617000;126;182;120;88;86;119;88;82;101;98;94;106;89;106;127;74;94;105;78
Powiat m. Olsztyn;042815662000;476;475;526;482;472;495;544;402;504;414;396;413;442;618;646;507;528;496;474
Powiat łódzki wschodni;051011506000;115;122;128;99;108;137;114;96;132;117;131;105;117;108;132;85;96;83;113
Powiat pabianicki;051011508000;161;130;161;109;126;129;141;129;173;162;108;136;150;174;168;95;157;154;127
Powiat zgierski;051011520000;222;280;261;186;180;220;214;233;227;219;197;193;166;198;232;171;235;206;196
Powiat brzeziński;051011521000;50;30;53;40;52;47;56;36;40;46;39;27;49;52;41;39;36;40;47
Powiat m. Łódź;051011661000;1060;1192;1352;1165;1190;1230;1244;1162;1174;1138;1013;987;1125;1157;1233;1090;1267;1154;1179
Powiat bełchatowski;051011701000;115;168;189;115;122;139;132;117;134;142;126;111;156;151;148;111;126;161;126
Powiat opoczyński;051011707000;128;103;102;108;133;111;100;114;101;100;101;116;85;99;120;75;97;111;90
Powiat piotrkowski;051011710000;135;166;155;151;113;110;148;133;138;150;153;116;148;164;142;91;143;129;133
Powiat radomszczański;051011712000;134;133;143;136;88;119;107;109;101;95;124;111;91;129;143;94;120;102;134
Powiat tomaszowski;051011716000;159;185;164;132;174;169;160;147;153;138;163;128;125;131;137;117;121;122;119
Powiat m. Piotrków Trybunalski;051011762000;193;197;213;167;165;159;170;143;167;168;144;142;158;194;164;177;196;198;156
Powiat łaski;051011803000;94;141;83;91;92;65;106;81;75;94;72;93;96;82;77;66;78;51;77
Powiat pajęczański;051011809000;80;106;87;66;63;65;77;64;71;79;72;62;92;97;107;60;68;85;73
Powiat poddębicki;051011811000;84;78;74;55;76;50;66;44;66;64;44;50;54;58;52;50;55;50;52
Powiat sieradzki;051011814000;140;170;143;137;108;135;118;121;140;133;108;162;114;130;140;147;129;147;139
Powiat wieluński;051011817000;88;90;93;92;91;89;70;79;88;85;76;69;92;91;116;84;97;85;92
Powiat wieruszowski;051011818000;52;64;79;52;60;44;66;60;41;61;54;40;42;52;79;59;58;45;56
Powiat zduńskowolski;051011819000;92;74;73;58;88;64;58;64;96;77;74;68;65;99;98;69;59;73;59
Powiat kutnowski;051011902000;151;139;145;82;107;114;92;113;85;85;112;97;76;97;98;67;86;97;87
Powiat łęczycki;051011904000;79;78;99;76;74;75;71;73;73;71;77;70;72;76;66;56;74;63;62
Powiat łowicki;051011905000;78;103;92;79;99;68;82;76;73;70;71;61;105;74;102;73;65;78;101
Powiat rawski;051011913000;67;81;79;64;54;76;67;51;51;44;54;73;67;60;86;51;71;48;71
Powiat skierniewicki;051011915000;79;80;98;65;60;65;58;74;74;96;70;73;60;76;60;66;85;73;51
Powiat m. Skierniewice;051011963000;106;142;104;100;116;107;100;100;101;83;124;106;98;116;94;109;97;92;85
Powiat kielecki;052615204000;223;309;369;263;233;258;265;216;246;239;235;260;249;312;342;260;259;285;270
Powiat konecki;052615205000;113;138;123;114;100;110;93;97;116;93;77;100;86;135;140;87;96;91;99
Powiat ostrowiecki;052615207000;150;170;149;118;108;129;104;106;108;128;116;110;126;149;124;97;95;107;112
Powiat skarżyski;052615210000;131;146;112;95;111;134;99;100;104;77;97;92;78;101;132;87;118;94;85
Powiat starachowicki;052615211000;145;175;125;115;101;89;98;95;87;103;96;96;76;96;133;76;84;82;72
Powiat m. Kielce;052615261000;487;494;550;412;454;531;442;465;484;401;464;387;452;491;513;449;477;566;533
Powiat buski;052615301000;117;120;118;99;72;68;88;62;81;84;86;58;87;84;88;64;76;80;78
Powiat jędrzejowski;052615302000;125;128;105;93;101;108;92;101;92;87;110;106;101;100;136;83;105;73;112
Powiat kazimierski;052615303000;43;49;56;40;35;41;39;43;49;26;51;25;28;46;36;38;34;33;31
Powiat opatowski;052615306000;76;124;108;69;80;89;84;69;82;74;84;68;96;92;93;66;62;100;68
Powiat pińczowski;052615308000;68;62;67;57;53;49;64;44;59;37;29;66;63;55;83;45;56;66;42
Powiat sandomierski;052615309000;140;147;150;117;126;161;114;115;129;109;97;66;112;95;135;80;107;97;107
Powiat staszowski;052615312000;87;109;100;72;78;85;77;54;90;71;65;79;112;72;106;90;93;78;63
Powiat włoszczowski;052615313000;55;64;89;43;72;64;59;55;47;46;52;50;75;62;75;44;51;71;67
Powiat bialski;060610901000;243;243;266;160;212;192;172;204;202;198;190;171;203;209;222;162;196;179;136
Powiat parczewski;060610913000;82;81;79;79;51;74;54;58;63;70;66;71;62;50;60;55;63;67;66
Powiat radzyński;060610915000;126;139;123;86;107;107;96;90;93;128;83;93;97;113;122;97;108;80;108
Powiat włodawski;060610919000;90;92;122;77;85;85;79;81;62;59;59;72;70;53;58;67;76;58;79
Powiat m. Biała Podlaska;060610961000;219;202;179;144;139;136;160;132;169;130;120;125;137;161;204;142;184;168;163
Powiat biłgorajski;060611002000;137;122;140;97;90;109;93;95;85;101;109;115;104;151;154;96;133;123;128
Powiat chełmski;060611003000;183;215;200;153;142;140;165;172;161;154;140;166;167;165;150;147;174;126;122
Powiat hrubieszowski;060611004000;148;151;177;128;133;130;133;162;120;89;113;115;115;133;124;91;110;113;90
Powiat krasnostawski;060611006000;133;110;98;91;73;97;84;82;80;76;98;83;80;110;106;95;94;63;68
Powiat tomaszowski;060611018000;141;140;187;126;139;122;156;119;109;101;128;125;126;136;141;120;130;120;113
Powiat zamojski;060611020000;241;199;217;159;205;179;179;164;173;161;222;166;172;204;205;154;168;160;172
Powiat m. Chełm;060611062000;223;202;216;140;148;158;174;136;164;203;148;180;161;201;203;169;181;153;170
Powiat m. Zamość;060611064000;245;224;234;176;177;198;179;209;163;171;161;146;199;218;202;188;189;160;174
Powiat lubartowski;060611108000;106;145;140;102;100;125;93;105;118;114;89;112;130;129;164;124;116;112;88
Powiat lubelski;060611109000;249;253;271;236;249;181;263;252;243;292;295;221;257;301;363;242;302;239;274
Powiat łęczyński;060611110000;138;154;151;119;113;110;111;110;120;119;112;93;114;100;126;95;116;94;96
Powiat świdnicki;060611117000;166;129;160;109;127;148;103;135;117;137;136;96;102;140;166;113;132;159;94
Powiat m. Lublin;060611163000;925;989;1084;700;724;863;854;814;846;793;813;722;789;859;898;754;990;848;888
Powiat janowski;060611205000;69;75;82;61;42;68;53;56;62;43;34;64;58;68;84;60;68;72;62
Powiat kraśnicki;060611207000;102;112;139;114;109;115;96;133;127;105;98;119;108;123;144;84;101;103;122
Powiat łukowski;060611211000;178;177;225;179;146;182;160;160;143;187;162;164;175;196;210;164;187;164;153
Powiat opolski;060611212000;121;102;117;94;64;92;100;117;74;73;98;78;82;113;110;74;80;92;69
Powiat puławski;060611214000;155;178;183;145;134;131;113;145;132;130;124;108;123;149;158;104;180;125;144
Powiat rycki;060611216000;236;261;261;158;124;178;156;124;110;101;124;117;112;120;139;94;117;112;102
Powiat bieszczadzki;061813301000;49;54;53;34;49;44;49;42;59;43;32;41;49;43;38;39;35;37;31
Powiat brzozowski;061813302000;106;93;93;59;103;90;69;85;98;90;106;117;87;97;119;107;98;79;97
Powiat jasielski;061813305000;109;100;88;88;94;108;102;96;116;92;119;124;124;123;138;91;135;127;118
Powiat krośnieński;061813307000;170;157;179;152;144;120;121;139;135;104;131;140;144;134;216;162;125;152;164
Powiat sanocki;061813317000;113;110;107;90;96;75;91;84;92;107;100;107;100;112;131;107;102;86;93
Powiat leski;061813321000;36;55;45;44;47;41;47;45;31;49;58;44;42;45;45;43;40;42;36
Powiat m. Krosno;061813361000;149;146;190;117;125;112;130;124;97;129;117;112;122;104;117;117;114;107;109
Powiat jarosławski;061813404000;129;166;149;116;120;113;138;136;136;129;153;112;162;142;193;112;159;169;118
Powiat lubaczowski;061813409000;108;79;88;94;71;78;83;90;74;61;106;61;64;113;88;76;79;72;81
Powiat przemyski;061813413000;165;124;155;126;143;111;117;95;133;158;142;127;157;119;173;146;137;146;123
Powiat przeworski;061813414000;120;105;128;88;82;88;99;91;88;94;123;112;129;124;127;94;107;120;93
Powiat m. Przemyśl;061813462000;197;208;224;183;150;127;158;138;170;119;150;137;138;158;171;158;153;139;107
Powiat kolbuszowski;061813506000;51;79;78;46;60;64;68;55;78;82;102;82;67;76;93;75;68;64;66
Powiat łańcucki;061813510000;105;86;88;62;70;95;74;99;89;95;124;107;152;133;122;75;98;121;93
Powiat ropczycko-sędziszowski;061813515000;81;114;103;52;64;65;72;75;58;65;81;77;104;86;101;84;60;76;78
Powiat rzeszowski;061813516000;230;229;565;186;188;207;232;219;265;322;358;396;363;435;303;221;236;307;260
Powiat strzyżowski;061813519000;61;83;75;99;86;67;85;84;95;83;128;77;88;125;98;83;107;99;78
Powiat m. Rzeszów;061813563000;454;460;554;435;398;445;419;325;443;438;414;404;566;468;501;485;553;589;525
Powiat dębicki;061813603000;126;122;133;107;125;132;86;104;136;108;111;112;112;172;163;104;163;149;114
Powiat leżajski;061813608000;89;72;103;105;63;81;74;76;84;67;87;86;79;115;99;76;79;115;94
Powiat mielecki;061813611000;100;111;120;94;112;112;122;71;118;85;88;110;125;88;118;93;124;122;118
Powiat niżański;061813612000;80;112;88;69;99;86;88;88;93;94;103;98;88;85;98;104;89;115;87
Powiat stalowowolski;061813618000;150;151;155;131;128;122;159;134;121;135;115;122;108;161;146;119;122;136;132
Powiat tarnobrzeski;061813620000;97;92;103;67;84;87;90;125;77;78;95;78;97;110;98;75;100;74;91
Powiat m. Tarnobrzeg;061813664000;90;109;113;104;123;108;106;102;100;83;104;80;84;120;111;88;91;66;60
Powiat białostocki;062013702000;237;317;259;213;192;217;244;262;251;296;246;243;240;294;292;214;241;251;258
Powiat sokólski;062013711000;128;99;87;118;95;109;103;97;102;89;87;88;87;96;75;103;93;101;81
Powiat m. Białystok;062013761000;631;681;699;553;582;600;653;573;610;544;587;645;646;766;814;770;835;810;818
Powiat bielski;062013803000;90;82;106;77;62;75;83;67;94;87;74;91;106;77;110;74;85;76;70
Powiat hajnowski;062013805000;74;78;90;75;60;63;72;63;47;62;44;41;43;58;76;40;45;53;61
Powiat kolneński;062013806000;98;79;100;79;81;78;76;75;86;54;66;49;73;80;65;49;69;68;66
Powiat łomżyński;062013807000;114;140;91;122;86;94;103;104;142;124;115;94;109;122;87;99;92;107;94
Powiat siemiatycki;062013810000;74;64;67;58;66;57;59;61;55;65;64;71;59;56;77;75;74;49;51
Powiat wysokomazowiecki;062013813000;106;90;89;82;76;95;79;94;64;95;80;63;84;91;105;91;85;81;88
Powiat zambrowski;062013814000;68;89;90;68;77;66;58;52;73;45;57;55;52;75;93;40;77;57;46
Powiat m. Łomża;062013862000;196;195;147;114;108;166;149;152;120;110;100;109;107;155;184;161;201;159;155
Powiat augustowski;062013901000;77;64;109;68;68;75;59;63;73;69;74;67;75;79;73;72;75;70;53
Powiat grajewski;062013904000;79;86;88;69;84;71;89;80;61;79;75;81;92;93;89;64;79;70;77
Powiat moniecki;062013908000;48;64;66;48;68;57;66;47;75;44;49;46;49;46;50;35;67;52;49
Powiat sejneński;062013909000;45;42;32;38;42;29;45;38;34;39;47;33;29;69;46;39;27;28;22
Powiat suwalski;062013912000;154;141;117;119;101;110;155;142;108;102;130;95;100;137;130;97;135;94;96
Powiat m. Suwałki;062013963000;177;201;183;153;112;170;146;128;136;129;161;107;154;124;148;135;162;150;165
Powiat m. st. Warszawa;071412865000;2877;3565;3986;3486;3500;3986;3743;3333;3583;3364;3018;2978;3318;3876;4387;3818;4778;4751;4725
Powiat legionowski;071412908000;200;234;216;177;190;243;238;222;222;212;215;198;216;235;269;177;156;208;202
Powiat miński;071412912000;134;199;193;153;133;173;158;186;164;175;185;146;175;154;213;151;185;166;168
Powiat otwocki;071412917000;140;203;186;138;133;167;153;147;223;183;162;178;185;234;233;161;188;160;156
Powiat wołomiński;071412934000;366;422;416;390;306;363;369;358;384;408;341;371;357;433;443;374;441;413;417
Powiat grodziski;071413005000;119;140;152;152;125;142;176;115;149;138;127;122;139;141;144;116;125;143;175
Powiat nowodworski;071413014000;131;197;165;146;117;214;174;154;110;142;116;123;126;126;136;137;158;115;144
Powiat piaseczyński;071413018000;312;421;446;367;334;438;461;394;383;418;343;295;323;411;395;339;340;338;353
Powiat pruszkowski;071413021000;314;394;460;379;390;412;421;380;371;433;360;350;368;423;464;345;431;409;331
Powiat warszawski zachodni;071413032000;203;206;305;201;217;238;205;213;238;256;228;203;186;214;245;216;215;248;229
Powiat ciechanowski;071422502000;183;169;156;141;122;177;140;120;147;117;114;102;139;118;145;101;126;84;89
Powiat mławski;071422513000;125;121;142;100;97;96;105;94;86;97;104;59;109;106;117;77;101;82;107
Powiat płoński;071422520000;134;124;162;132;108;151;104;94;105;120;92;98;99;122;128;91;114;115;87
Powiat pułtuski;071422524000;98;103;97;87;80;82;73;62;77;73;55;69;70;71;72;72;82;86;83
Powiat żuromiński;071422537000;81;96;77;69;48;66;70;67;82;62;64;43;64;65;77;64;91;47;73
Powiat makowski;071422611000;98;91;126;98;80;88;95;91;66;106;86;92;70;92;103;69;69;83;74
Powiat ostrołęcki;071422615000;152;187;212;179;155;171;161;139;127;156;152;136;145;181;176;142;135;160;109
Powiat ostrowski;071422616000;126;137;152;110;104;82;115;122;103;93;104;88;117;124;129;95;75;96;89
Powiat przasnyski;071422622000;135;127;120;85;88;81;94;89;100;86;88;99;89;86;108;101;97;86;107
Powiat wyszkowski;071422635000;91;121;94;64;107;104;105;91;96;94;109;91;85;100;72;64;75;101;59
Powiat m. Ostrołęka;071422661000;208;198;217;188;182;183;184;148;202;218;173;182;150;163;216;189;244;220;203
Powiat białobrzeski;071422701000;55;89;78;35;58;41;78;40;41;67;55;61;54;52;71;49;55;52;38
Powiat kozienicki;071422707000;110;130;117;97;95;110;106;78;93;84;89;95;112;79;105;81;80;101;84
Powiat lipski;071422709000;55;67;84;35;50;43;62;59;52;63;57;44;58;66;70;55;56;47;51
Powiat przysuski;071422723000;95;89;79;62;71;96;75;66;81;81;80;55;62;62;70;55;73;65;61
Powiat radomski;071422725000;249;262;276;207;230;239;232;220;241;225;271;224;227;249;310;219;231;230;177
Powiat szydłowiecki;071422730000;64;79;81;51;66;77;86;79;71;68;60;70;71;49;70;56;74;68;63
Powiat zwoleński;071422736000;59;75;65;52;77;51;72;71;65;39;69;43;59;64;72;61;86;53;60
Powiat m. Radom;071422763000;482;530;507;480;473;460;448;429;464;378;378;344;351;409;478;367;452;416;452
Powiat gostyniński;071427004000;69;76;71;82;74;91;56;71;64;63;64;50;64;72;63;46;59;61;54
Powiat płocki;071427019000;216;240;311;206;168;208;206;167;212;209;225;169;213;215;229;194;176;150;183
Powiat sierpecki;071427027000;96;124;93;88;89;99;79;79;71;77;68;68;70;63;80;75;88;55;84
Powiat m. Płock;071427062000;339;326;418;308;281;331;283;318;279;271;327;288;298;309;347;258;317;257;269
Powiat garwoliński;071427103000;160;173;135;100;104;105;101;134;125;122;127;117;113;161;124;109;173;124;112
Powiat łosicki;071427110000;77;58;68;42;56;53;46;54;45;49;55;61;49;54;55;42;59;46;56
Powiat siedlecki;071427126000;190;189;158;164;154;167;160;177;201;183;169;172;168;198;167;136;147;173;159
Powiat sokołowski;071427129000;94;109;112;95;78;94;84;81;75;111;65;78;61;72;90;66;87;64;89
Powiat węgrowski;071427133000;113;119;154;70;102;107;120;82;103;111;116;86;118;135;93;101;95;85;98
Powiat m. Siedlce;071427164000;221;211;269;185;206;232;181;242;197;163;210;183;194;210;254;250;277;288;266
Powiat grójecki;071427306000;172;152;187;130;120;132;125;121;103;124;105;115;116;155;166;104;127;117;127
Powiat sochaczewski;071427328000;103;112;125;83;82;93;105;105;87;89;84;77;99;110;76;69;77;96;98
Powiat żyrardowski;071427338000;133;154;163;103;125;94;128;134;151;124;115;129;135;136;150;103;102;120;116
