Jednostka terytorialna;Kod;1995;1996;1997;1998;1999;2000;2001;2002;2003;2004;2005;2006;2007;2008;2009;2010;2011;2012;2013;2014;2015;2016;2017;2018;2019;2020;2021;2022;2023
Powiat bocheński;011212001000;96318;96904;97185;97516;97048;97328;97602;97962;98394;100063;100332;100726;101204;101602;102181;103231;103869;104404;104765;105083;105416;105747;106096;106514;106858;106838;106715;106878;106946
Powiat krakowski;011212006000;230334;231611;232998;234137;236184;237052;237972;239344;241080;242731;244283;245944;247903;250395;253344;259261;261857;264639;266649;268517;270490;272591;274843;277145;279239;295640;298107;300289;302347
Powiat miechowski;011212008000;54053;53628;53362;53199;52333;51989;51775;51615;51560;51085;50927;50763;50577;50324;50114;50585;50327;50109;49966;49824;49592;49505;49315;49137;48818;47756;47346;46998;46667
Powiat myślenicki;011212009000;109168;109957;110948;111768;111924;112820;113526;114067;114949;115761;116484;117199;118066;119003;119975;121646;122599;123327;123991;124482;125020;125647;126339;127028;127600;129108;129391;129538;129843
Powiat proszowicki;011212014000;45009;44972;44885;44823;43691;43636;43713;43721;43659;43605;43497;43470;43424;43361;43419;43987;43995;43945;43864;43892;43716;43648;43658;43523;43222;42760;42522;42268;42005
Powiat wielicki;011212019000;97494;98074;98599;99215;100380;100989;101722;102636;103808;103676;104788;105943;107305;108767;110400;113559;115356;116799;118553;120064;121534;123251;125197;127078;129136;138515;140291;142044;143628
Powiat m. Kraków;011212161000;744987;740675;740537;740666;755355;758715;757942;757547;757685;757430;756629;756267;756583;754624;755000;757740;759137;758334;758992;761873;761069;765320;767348;771069;779115;800531;802583;803282;806201
Powiat gorlicki;011212205000;107057;107528;107845;108036;105933;106034;106206;106305;106444;106603;106544;106676;106591;106799;107017;109175;109225;109265;109201;109181;109140;109049;109076;109104;108886;106921;106278;105782;105322
Powiat limanowski;011212207000;114310;115179;116218;116965;116774;117595;118577;119449;120222;121007;121508;122128;122685;123405;124278;126737;127387;128045;128545;129073;129699;130289;130964;131523;131764;131145;131332;131549;131654
Powiat nowosądecki;011212210000;184960;186527;188158;189667;188925;190869;192359;193540;194983;196054;197279;198630;200015;201412;202701;207467;208715;209988;211045;211830;212894;213864;214999;216176;216796;214502;214661;214933;215034
Powiat m. Nowy Sącz;011212262000;82301;82877;83290;83754;83899;84370;84453;84421;84399;84463;84729;84487;84468;84475;84556;84368;84325;84129;83943;83853;83903;83993;84041;83896;83794;81435;80979;80587;80358
Powiat chrzanowski;011212303000;131551;131657;131496;131404;129753;129394;129111;129030;128741;128608;128313;128093;127859;127692;127645;128130;127848;127644;127301;126845;126463;126054;125725;125385;124536;121759;120694;119719;118684
Powiat olkuski;011212312000;124249;124387;124420;124299;122079;121796;121717;114961;114741;114568;114402;114138;113993;114013;113893;114922;114688;114458;114073;113650;113148;112863;112539;112035;111217;108923;107867;106843;105900
Powiat oświęcimski;011212313000;153499;153914;154178;154316;151768;151842;151951;153321;153136;153457;153475;153239;153238;153517;153602;155114;155082;155040;155040;154977;154819;154581;154292;153737;153486;151300;150192;149304;148415
Powiat wadowicki;011212318000;152045;152599;153106;153793;152785;153328;153803;153045;153438;153781;154201;154440;154899;155515;155923;158031;158354;158740;158983;159233;159538;159673;159938;160130;160006;158764;158230;157855;157473
Powiat brzeski;011212402000;88000;88263;88732;89251;88622;88845;89118;89409;89739;89919;90116;90268;90508;90967;91297;92234;92403;92645;92781;92908;92983;93001;93164;93206;93201;92297;91992;91823;91670
Powiat dąbrowski;011212404000;58341;58518;58673;58652;58317;58327;58383;58409;58617;58607;58657;58605;58529;58734;58664;59509;59499;59492;59513;59471;59374;59342;59311;59350;59174;58294;57991;57809;57550
Powiat tarnowski;011212416000;175684;176762;177957;178926;179676;180414;181591;182823;191803;192656;193399;193781;194487;195037;195908;197714;198276;199062;199675;200085;200600;200886;201268;201570;201497;198525;198038;197717;197335
Powiat m. Tarnów;011212463000;121926;122359;121734;121494;120433;120822;120085;119564;118668;118267;117560;116967;116118;115518;115158;114176;113593;112952;112120;111376;110644;110110;109650;109062;108470;106596;105014;103960;103129
Powiat nowotarski;011216911000;174157;175246;176357;177396;176391;177409;178408;179350;179966;180739;181587;182165;183069;184231;185161;187925;188602;189268;189623;190128;190517;190757;191266;191508;191782;190626;190232;190143;190107
Powiat suski;011216915000;79862;80143;80394;80826;80514;80645;81016;81402;81535;81786;82016;82081;82347;82597;82736;83863;84019;83961;84111;84140;84175;84184;84317;84255;84232;83429;83214;83127;82886
Powiat tatrzański;011216917000;64881;65284;65558;65782;65081;64920;65238;65296;65382;65335;65461;65196;65168;65148;65298;67325;67640;67831;67847;67851;67884;67905;68034;68146;68072;67028;66701;66566;66478
Powiat bielski;012414402000;142834;143677;144737;145452;144922;145772;146603;147453;148249;149361;150281;151505;152695;153987;155571;157119;158209;159241;160405;161359;162128;162926;164003;165000;165960;165477;165650;165836;165824
Powiat cieszyński;012414403000;168167;169109;169993;170601;168094;168729;168986;169366;169916;170400;170910;170822;171231;172027;172809;175966;176587;177124;177479;177708;177562;177863;178251;178139;178191;176954;176113;175579;174794
Powiat żywiecki;012414417000;149159;149498;149994;150390;148179;148675;148802;148932;149076;149418;149467;149779;150079;150354;150850;152972;153143;153119;153108;153189;153047;153197;153187;153226;152756;150612;149800;149439;148829
Powiat m. Bielsko-Biała;012414461000;180397;180340;179835;180307;178936;178611;178313;177835;177390;176987;176864;176453;175690;175677;175402;174755;174503;174370;173699;173013;172591;172030;171505;171259;170663;169553;168106;166765;165766
Powiat lubliniecki;012414507000;79975;80047;80194;80359;77163;77217;77254;77056;76828;76838;76692;76530;76468;76265;76618;77237;77302;77347;77205;76980;76951;76837;76768;76593;76451;75857;75481;75157;74887
Powiat tarnogórski;012414513000;127128;126967;126867;144699;141096;140315;139796;139197;138804;138577;138228;137830;137684;137522;137496;138209;138400;138770;138351;138502;138837;139079;139300;139833;140519;138983;139161;139221;139160
Powiat m. Bytom;012414562000;226810;225287;225799;205560;197660;195807;194109;192597;191060;189535;187943;186540;184765;183829;182749;177266;176106;174724;173439;172306;170761;169617;168394;166795;165263;153827;151691;149576;147759
Powiat m. Piekary Śląskie;012414571000;66984;66670;66246;65991;61753;61347;61045;60649;60334;59984;59675;59338;59061;58832;58519;58022;57745;57502;57148;56755;56374;55954;55652;55299;55030;53168;52699;52137;51707
Powiat częstochowski;012414604000;134064;134039;134231;134319;133999;134074;133853;133629;133689;133873;133729;133582;133823;134037;134103;135448;135630;135404;135549;135760;135633;135611;135227;134919;134555;133352;132529;132009;131569
Powiat kłobucki;012414606000;85791;85976;86057;86083;85015;85018;84922;84903;84805;84830;84765;84761;84789;84867;85001;85829;85814;85735;85576;85396;85256;85180;85094;84924;84591;83341;82769;82451;81964
Powiat myszkowski;012414609000;73561;73499;73405;73332;72572;72448;72392;72358;72203;72073;71728;71628;71714;71563;71517;72134;72072;71964;72051;71977;71784;71670;71396;71119;70880;69325;68592;68054;67573
Powiat m. Częstochowa;012414664000;259135;258886;258193;257812;254071;253133;251932;250862;249453;248032;246890;245030;242300;240612;239319;237203;235798;234472;232318;230123;228179;226225;224376;222292;220433;213942;210773;208282;205969
Powiat gliwicki;012414705000;127142;126757;126493;126234;118862;118136;117698;116919;116244;115657;115173;114848;114490;114033;114093;114994;115229;115299;115254;115128;115179;115360;115647;115558;115528;113764;113385;113223;113180
Powiat m. Gliwice;012414766000;213392;213395;212781;212164;206552;205092;204175;202604;201586;200361;199451;198499;197393;196669;196167;187830;186868;186210;185450;184415;183392;182156;181309;179806;178603;174581;172628;171023;169915
Powiat m. Zabrze;012414778000;201302;201122;200976;200177;198354;197111;195666;194638;193665;192546;191247;190110;189062;188401;187674;181399;180332;179452;178357;177188;176327;175459;174349;173374;172360;158923;156935;155430;153838
Powiat m. Chorzów;012414863000;125226;123608;123045;121708;119501;118708;117801;116519;115844;115241;114686;113978;113678;113314;113007;111843;111536;111168;110761;110337;109757;109398;109021;108434;107807;104448;103229;101914;100593
Powiat m. Katowice;012414869000;351521;350974;348974;345934;333244;330625;328103;325045;322285;319904;317220;314500;312201;309621;308548;311421;309304;307233;304362;301834;299910;298111;296262;294510;292774;286369;282755;280190;279190
Powiat m. Mysłowice;012414870000;79766;79643;79459;79458;76231;75949;75730;75642;75289;75259;75183;75063;74912;74998;74893;75501;75428;75305;75129;75037;74851;74592;74647;74586;74618;72587;72124;71643;71280
Powiat m. Ruda Śląska;012414872000;165873;165182;163014;159665;154903;152280;151039;149659;148361;147403;146582;145471;144584;143930;143394;143566;143024;142346;141521;140669;139844;139125;138578;138000;137360;134169;132766;131532;130302
Powiat m. Siemianowice Śląskie;012414874000;78101;77932;77664;77254;75218;74782;74431;74059;73536;73155;72685;72247;71621;71118;70712;70296;69992;69539;68844;68634;68231;67905;67523;67154;66841;64935;64365;63892;63401
Powiat m. Świętochłowice;012414876000;59600;59458;59304;59249;57174;56852;56436;56258;56023;55660;55327;54938;54525;54360;54091;53304;52813;52372;51824;51494;50970;50644;50385;50012;49557;46645;46112;45795;45434
Powiat raciborski;012414911000;121598;121519;121040;121009;116304;115473;114628;113866;113208;112570;112009;111204;110731;110591;110448;110231;110085;109929;109564;109362;109161;109111;108918;108513;108211;101780;100842;99974;99332
Powiat rybnicki;012414912000;73671;73912;74257;74616;72925;72810;72827;72941;73099;73439;73469;73652;73931;74215;74509;75995;76367;76597;76915;77150;77431;77703;77942;78104;78213;76936;76807;76816;76666
Powiat wodzisławski;012414915000;158324;158481;158704;158619;155782;155458;155320;155389;155147;155124;155170;155222;155317;155566;155982;158242;158421;158400;157787;158029;157831;157886;157767;157616;157088;152914;151852;151133;150269
Powiat m. Jastrzębie-Zdrój;012414967000;103309;103180;102778;102294;98002;97537;97162;96821;96475;96009;95482;94716;93939;93554;92988;92622;92105;91723;91235;90794;90283;89883;89590;89128;88743;85388;83987;83139;82301
Powiat m. Rybnik;012414973000;144578;144878;144943;144582;143557;143218;142816;142742;142272;141755;141580;141388;141080;141177;141372;141036;140944;140789;140173;140052;139595;139252;139129;138696;138098;134050;132923;131744;130887
Powiat m. Żory;012414979000;66219;66224;66306;66209;63683;63533;63511;63485;63281;62964;62849;62416;62008;62044;62022;62138;62110;62052;62038;62051;61945;62013;62243;62456;62472;61833;61839;61817;61774
Powiat będziński;012415001000;152165;150101;149257;148695;147483;146749;145866;152094;151519;151289;151391;151163;151160;151078;150950;152229;152135;151650;151170;150737;150103;149720;149316;148762;148089;147580;146371;145429;144685
Powiat zawierciański;012415016000;130375;129859;129470;129034;127011;126788;126278;125806;125347;124897;124442;123901;123316;122962;122628;123226;122756;122325;121683;121012;120270;119750;119101;118434;117624;114974;113734;112774;111628
Powiat m. Dąbrowa Górnicza;012415065000;130448;131687;131394;131037;133487;132858;132356;131863;131371;130789;130128;129559;128795;128315;127686;126079;125475;124701;123994;123376;122712;121802;121121;120259;119373;117257;115955;114765;113460
Powiat m. Jaworzno;012415068000;98210;98064;97926;97929;97271;97119;96884;96791;96703;96476;96217;95771;95520;95228;95036;94831;94580;94305;93708;93331;92847;92473;92090;91563;91115;89269;88267;87552;86812
Powiat m. Sosnowiec;012415075000;247499;246313;244085;244102;235662;234486;233200;231541;229989;228192;226034;224244;222586;221259;219300;216961;215262;213513;211275;209274;207381;205873;204013;202036;199974;194438;191676;189178;187115
Powiat mikołowski;012415108000;92325;92670;92764;92772;90426;90463;90250;90469;90427;90675;90853;91112;91706;92098;92655;94096;94661;95217;95769;96107;96457;97039;97689;98373;98990;99345;99486;99602;100002
Powiat pszczyński;012415110000;100944;101563;102060;102797;102606;102882;103129;103453;103643;104129;104470;104828;105230;105631;106361;107712;108242;108657;108910;109409;109852;110215;110626;111202;111539;110958;110893;110958;110777
Powiat bieruńsko-lędziński;012415114000;58577;58750;58727;58827;53852;55426;55456;55542;55710;55822;55802;56017;56255;56456;56806;57716;58057;58204;58597;58815;58973;59154;59550;59760;59776;59340;59513;59568;59443
Powiat m. Tychy;012415177000;133760;133646;133258;133178;135306;133463;133047;132550;132151;131547;131153;130492;129776;129475;129449;129507;129322;129112;128799;128621;128444;128351;128211;127831;127590;125223;124139;123105;122045
Powiat gorzowski;020811301000;61635;61965;62323;62791;62229;62450;62727;63057;63830;64673;65301;65723;66172;66760;67443;68790;69396;70010;70376;70791;70929;71234;71438;71549;71836;72472;72905;73480;73897
Powiat międzyrzecki;020811303000;60889;61000;60966;60805;58683;58641;58855;58657;58538;58335;58402;58275;58279;58225;58250;58953;58846;58849;58697;58640;58496;58397;58249;58024;57565;56213;55678;55357;54839
Powiat słubicki;020811305000;46772;46901;47195;47432;46459;46523;46685;46782;47091;46919;46811;46641;46551;46496;46413;47558;47498;47329;47318;47278;47275;47093;47068;47101;46929;46429;46114;45965;45854
Powiat strzelecko-drezdenecki;020811306000;51234;51319;51401;51335;50584;50595;50576;50505;50372;50356;50262;50132;50072;49959;49789;50713;50686;50664;50418;50212;50061;49842;49701;49366;49009;47891;47436;47002;46658
Powiat sulęciński;020811307000;35667;35692;35847;35937;35455;35433;35471;35510;35449;35390;35431;35347;35349;35436;35492;36045;35924;35804;35768;35761;35596;35409;35351;35297;35193;34392;34002;33771;33495
Powiat m. Gorzów Wielkopolski;020811361000;124779;125289;125736;126019;125888;125767;125818;125474;125780;125578;125416;125504;125411;125157;125383;124575;124554;124609;124344;124145;123762;123995;124295;123921;123609;120526;118011;116436;115247
Powiat krośnieński;020811402000;59879;60206;60190;60313;58230;58243;57700;57181;56701;56813;56656;56325;56297;56193;56131;57110;56925;56751;56627;56235;55943;55759;55512;55245;54829;53918;53460;53105;52717
Powiat nowosolski;020811404000;127225;127268;127444;127651;125510;125538;125663;86884;86799;86793;86816;86768;86882;86881;86890;88170;88062;87984;87727;87524;87339;87127;86949;86634;86156;83601;83014;82619;82281
Powiat świebodziński;020811408000;57723;57705;57555;57776;56206;56227;56206;56216;56311;56213;56008;56111;56094;56026;56038;56762;56777;56666;56546;56415;56290;56204;56095;55840;55790;54943;54673;54268;53961
Powiat zielonogórski;020811409000;84827;85145;85681;86024;86769;87290;87623;87994;88377;88935;89442;89779;90389;90906;91638;93328;93749;94561;94919;94934;75219;75314;75558;75750;75559;75145;74898;74967;75077
Powiat żagański;020811410000;85412;85560;85740;85897;83413;83304;83334;83041;82819;82615;82423;82050;81946;81868;81658;82872;82433;82187;81803;81462;80997;80633;80114;79583;78953;76022;75194;74390;73604
Powiat żarski;020811411000;102220;102182;102417;102359;100639;100358;100057;99772;99221;99093;99031;98884;98610;98443;98364;99992;99762;99446;99088;98625;98160;97783;97487;96876;96111;93662;92752;91897;91210
Powiat wschowski;020811412000;;;;;;;;38761;38768;38939;38978;38866;38906;39055;39055;39397;39349;39434;39434;39365;39297;39256;39196;39065;38831;37967;37683;37441;37251
Powiat m. Zielona Góra;020811462000;116329;117364;117850;118182;117902;118103;118268;118362;118730;118516;118221;118115;117523;117557;117503;118950;119197;119023;118405;118920;138711;139330;139819;140297;141222;140148;139667;139278;138932
Powiat jarociński;023015706000;70463;70506;70660;70755;70053;70160;70311;70353;70363;70301;70377;70400;70489;70739;70821;71471;71531;71643;71632;71775;71790;71738;71741;71686;71563;70533;70235;70037;69749
Powiat kaliski;023015707000;80718;80753;80766;80737;79703;79695;79777;79831;80017;80051;80335;80478;80569;80821;81166;82037;82323;82440;82585;82814;82838;82905;83124;83030;83026;82904;82740;82503;82215
Powiat kępiński;023015708000;54854;55028;54981;55333;54763;54884;54950;55068;55158;55195;55334;55417;55670;55876;55903;56438;56488;56455;56392;56491;56427;56458;56394;56486;56451;56537;56373;56071;55924
Powiat krotoszyński;023015712000;77463;77585;77544;77784;76796;76965;76948;77030;76926;76980;77025;77166;77144;77222;77440;78005;77994;78137;77958;77909;77664;77764;77720;77488;77274;76245;75717;75317;74921
Powiat ostrowski;023015717000;160195;160649;160988;161243;159398;158223;158351;158511;158546;158600;158467;158394;158485;158849;159332;160603;160831;161068;161216;161403;161435;161574;161763;161519;161581;159843;159293;158914;158486
Powiat ostrzeszowski;023015718000;54410;54388;54475;54582;54185;54154;54217;54217;54245;54366;54472;54550;54477;54780;54973;55414;55487;55377;55454;55405;55409;55391;55479;55403;55500;55062;54900;54638;54566
Powiat pleszewski;023015720000;62234;62223;62332;62360;61888;61814;61736;61765;61939;61864;62004;62084;62103;62307;62407;63269;63225;63355;63296;63282;63252;63212;63218;63147;63014;61972;61723;61523;61251
Powiat m. Kalisz;023015761000;106706;106746;106719;106641;108583;110104;109680;109385;108920;108792;108841;108477;108031;107140;107019;105567;105122;104676;103997;103373;102808;102249;101625;100975;100246;96222;95021;93973;93137
Powiat gnieźnieński;023015803000;140413;140613;140817;141081;138956;139210;139474;139712;139899;140298;140286;140352;140752;141266;141719;143907;144296;144660;144955;145075;145085;145211;145333;145317;145418;142872;142166;141748;141303
Powiat kolski;023015809000;92233;92122;91927;91645;89947;89728;89615;89354;89162;88969;88771;88521;88404;88395;88274;89688;89523;89343;89077;88848;88399;88125;87790;87216;86727;83538;82751;82104;81562
Powiat koniński;023015810000;118332;118903;119384;119998;119928;120524;121224;121803;122453;122982;123456;124152;124703;125405;125965;127403;127869;128237;128698;128984;129273;129475;129715;129966;130053;128787;128902;128883;128837
Powiat słupecki;023015823000;59793;59850;59936;59920;58358;58572;58666;58720;58735;58869;58792;58788;58561;58544;58516;59847;59792;59754;59651;59698;59591;59617;59576;59371;59077;58089;57852;57554;57264
Powiat turecki;023015827000;85061;85108;85176;85266;83837;83784;83717;83754;83646;83695;83699;83625;83585;83633;83691;84721;84761;84630;84420;84441;84366;84297;84267;84101;83894;82151;81708;81377;80990
Powiat wrzesiński;023015830000;73641;73820;73938;74288;73244;73222;73248;73393;73502;73640;73751;73896;74223;74583;74856;76049;76328;76453;76481;76829;76956;77073;77361;77667;77994;78269;78080;78176;78223
Powiat m. Konin;023015862000;83008;83160;83357;83426;82585;82640;82500;82177;81774;81266;80838;80471;80140;79829;79516;78670;78209;77847;77224;76547;75875;75342;74834;74151;73522;70162;69069;68112;67066
Powiat gostyński;023015904000;76086;76078;76224;76247;75360;75485;75513;75562;75684;75682;75719;75830;75861;75919;76052;76264;76211;76256;76239;76193;76230;76093;76087;76011;75908;74623;74196;73899;73516
Powiat grodziski;023015905000;48164;48364;48426;48534;48643;48753;48870;49116;49145;49227;49395;49431;49490;49762;49903;50428;50633;50863;50971;51217;51426;51423;51701;51972;51893;51711;51535;51626;51560
Powiat kościański;023015911000;77726;77891;78064;78156;77286;77330;77355;77410;77524;77648;77675;77852;77992;78084;78205;78758;78895;78843;78981;79023;79028;79263;79253;79230;79183;78148;77783;77404;77239
Powiat leszczyński;023015913000;47224;47365;47421;47563;47639;48227;48550;48868;49308;49563;49926;50232;50635;51146;51722;52489;53013;53470;54039;54422;54767;55391;55883;56485;57201;58289;58886;59531;60017
Powiat międzychodzki;023015914000;36395;36372;36506;36604;36155;36150;36178;36238;36276;36324;36311;36345;36448;36573;36646;37037;37081;37107;37094;37126;37084;37080;36987;36982;36751;36097;35908;35769;35593
Powiat nowotomyski;023015915000;70618;70856;71104;71195;70963;71102;71348;71253;71402;71579;71762;71931;72119;72479;72725;73498;73746;74036;74336;74538;74725;74901;75164;75363;75543;75277;75176;75182;75178
Powiat rawicki;023015922000;59238;59298;59409;59531;58760;58784;58948;59028;59183;59137;59349;59405;59596;59711;59826;60439;60448;60423;60393;60469;60294;60356;60409;60405;60262;59541;59134;58867;58601
Powiat wolsztyński;023015929000;54204;54484;54700;54921;53959;53727;53971;54097;54283;54507;54688;54866;55125;55426;55591;56427;56587;56693;56780;56979;57012;57270;57289;57326;57446;56870;56827;56743;56672
Powiat m. Leszno;023015963000;61450;61945;62187;62274;62844;63084;63557;63634;63663;63787;63970;63955;64057;64142;64338;64654;64713;64722;64589;64616;64559;64159;64197;63952;63505;62057;61396;60642;60051
Powiat chodzieski;023016001000;46744;46835;46974;47003;46303;46469;46596;46702;46752;46843;47034;46991;47092;47367;47389;47848;47846;47816;47639;47622;47534;47415;47341;47229;47055;46184;45813;45476;45206
Powiat czarnkowsko-trzcianecki;023016002000;87134;87242;87401;87477;85724;85927;85890;86031;86044;86113;86175;86137;86448;86737;86939;88335;88187;88169;88081;88045;87890;87885;87570;87420;86990;85319;84585;84020;83442
Powiat pilski;023016019000;137150;137986;138022;138296;136442;136381;136551;136797;137047;137085;137162;136959;137169;137591;137562;138519;138559;138406;138218;137840;137570;137382;137104;136621;136112;132936;131991;131265;130525
Powiat wągrowiecki;023016028000;67519;67644;67682;67794;66657;66799;67050;67147;67283;67349;67520;67752;67842;68149;68552;69454;69579;69775;69837;69887;69900;69960;70212;70274;70233;69243;69099;69039;69007
Powiat złotowski;023016031000;70009;70143;70382;70188;68304;68419;68558;68493;68446;68535;68533;68538;68641;68666;68737;70288;70292;70272;70001;69998;69781;69834;69780;69606;69433;68315;67956;67589;67301
Powiat obornicki;023016116000;54341;54625;54856;55192;54902;55213;55558;55440;55526;55657;55912;56058;56325;56779;57042;58287;58659;59017;59101;59283;59501;59626;59726;59858;59825;59180;59164;58988;58812
Powiat poznański;023016121000;240708;243075;245805;248672;256850;260518;264855;269380;274720;280924;288012;295039;303595;311390;319258;330245;337883;344752;352395;358894;366037;373570;381630;390308;399272;429870;436473;442680;448663
Powiat szamotulski;023016124000;84853;85086;85283;85641;84759;84962;85051;85305;85501;85663;85731;86100;86510;86882;87260;88532;88861;89315;89608;89922;90133;90417;90920;91185;91664;91723;91662;91649;91659
Powiat średzki;023016125000;54278;54487;54646;54713;54065;54143;54231;54350;54359;54549;54557;54696;54909;55120;55408;56192;56419;56653;56925;57156;57429;57691;58155;58456;58879;59469;59714;59847;59954
Powiat śremski;023016126000;57405;57696;57907;58127;57653;57910;58050;58238;58376;58465;58656;58663;58760;59041;59307;60348;60522;60791;60725;60795;60907;61106;61229;61325;61425;61227;61129;61115;61044
Powiat m. Poznań;023016264000;581171;580831;580046;578235;584257;582254;579343;577117;574125;570778;567882;564951;560932;557264;554221;555614;553564;550742;548028;545680;542348;540372;538633;536438;534813;547777;545073;541316;538439
Powiat białogardzki;023216301000;50005;50222;50265;50382;48432;48387;48503;48456;48409;48327;48273;48319;48261;48297;48261;49469;49303;49184;48899;48679;48448;48254;48041;47846;47560;45695;45181;44771;44373
Powiat kołobrzeski;023216308000;76179;76620;77283;77749;74495;74863;75004;75122;75409;75915;76020;76217;76547;76772;77095;79362;79530;79633;79624;79567;79516;79450;79596;79547;79438;77880;77407;77087;76721
Powiat koszaliński;023216309000;62205;62539;63063;63330;62100;62333;62770;63042;63422;63696;63968;64205;64366;64681;65049;65406;65718;65813;65981;65962;65844;66071;66269;66355;66480;66408;66378;66364;64450
Powiat sławieński;023216313000;59672;59864;59890;60127;57778;57804;57890;57850;57907;57796;57727;57570;57332;57390;57298;58152;58097;57958;57855;57489;57188;57033;56764;56409;56134;54356;53786;53384;52903
Powiat m. Koszalin;023216361000;111480;111912;112096;112375;109941;108899;108582;108480;107877;107773;107886;107693;107376;107146;106987;109302;109233;109343;109170;108605;107970;107680;107670;107321;107048;106152;104891;104239;105540
Powiat choszczeński;023216402000;51315;51263;51150;51156;50412;50453;50407;50459;50373;50282;50149;50020;49833;49779;49705;50620;50348;50160;49929;49709;49474;49220;48906;48602;48243;45758;45248;44818;44422
Powiat drawski;023216403000;60779;60842;60790;60826;58889;58898;58958;58829;58561;58510;58246;58123;57887;57523;57485;58987;58826;58724;58403;58264;58062;57979;57729;57397;57015;54915;54426;53960;53516
Powiat myśliborski;023216410000;70227;70395;70338;70442;68474;68211;68202;68056;67569;67335;67538;67340;67257;67210;67074;68215;67996;67847;67698;67417;67140;67016;66648;66264;65638;63931;63289;62668;62224
Powiat pyrzycki;023216412000;41231;41173;41161;41229;40226;40208;40241;40218;40098;40117;40001;39958;39927;40002;39930;40889;40772;40658;40532;40488;40211;40055;39873;39639;39336;37520;37131;36785;36413
Powiat szczecinecki;023216415000;79841;80327;81026;81480;77785;77957;77726;77642;77399;77345;77322;77276;77234;77004;77053;79635;79552;79356;79104;78858;78578;78430;78232;77965;77630;74464;73761;73308;72717
Powiat świdwiński;023216416000;51858;51841;51800;51707;49780;49689;49678;49597;49493;49212;49052;48816;48555;48571;48470;49446;49181;48900;48582;48343;47994;47727;47643;47242;46724;44582;44061;43577;43237
Powiat wałecki;023216417000;56696;56862;57051;57024;55432;55424;55340;55088;55088;54947;54779;54615;54406;54309;54098;55147;54993;54843;54597;54348;54207;54013;53738;53462;53039;51165;50729;50388;50003
Powiat łobeski;023216418000;;;;;;;;38600;38593;38411;38330;38233;38206;38162;38063;38570;38408;38211;37966;37804;37691;37638;37401;37104;36696;34575;34094;33762;33394
Powiat m. Szczecin;023216562000;418156;418826;418985;416988;416791;416657;415748;415117;414032;411900;411119;409068;407811;406941;406307;410245;409596;408913;408172;407180;405657;404878;403883;402465;401907;397289;394482;391566;389066
Powiat goleniowski;023216604000;81093;81460;81778;82140;81040;81410;81835;77443;77621;78066;78584;78918;79354;79588;79937;81736;81945;82067;82270;82507;82355;82474;82567;82540;82421;82059;81782;81486;81363
Powiat gryficki;023216605000;75155;75371;75381;75596;73253;73357;73334;61029;60920;60931;60826;60834;60709;60655;60595;62013;61837;61798;61672;61517;61371;61160;60885;60617;60277;57961;57338;56961;56435
Powiat gryfiński;023216606000;83489;83798;84126;84507;82727;82985;83294;83201;83042;82916;82819;83037;83028;83093;82830;84389;84272;84103;83880;83688;83461;83249;82951;82530;81882;78974;78340;77567;76959
Powiat kamieński;023216607000;50032;50082;50033;50054;47989;48077;47957;47955;47998;47929;47684;47599;47683;47820;47769;48560;48391;48131;47947;47751;47494;47296;47281;47227;46999;45185;44795;44449;44137
Powiat policki;023216611000;54473;55040;55809;56769;58060;58589;59373;60098;61141;62479;63462;64785;66436;67937;69087;71135;72326;73333;74483;75386;76247;77201;78333;79476;80652;82622;83878;84924;85917
Powiat stargardzki;023216614000;143535;143944;144331;144353;141221;141527;141699;119894;119933;119880;119460;119393;119192;119248;119340;120988;120899;120921;120726;120593;120422;120235;120091;120112;120186;119256;119190;119190;119090
Powiat m. Świnoujście;023216663000;43361;43375;43492;43570;42100;42207;41861;41542;41188;41098;40933;40819;40871;40829;40765;41475;41516;41509;41371;41276;41152;41115;41032;40910;40888;40326;39834;39368;38904
Powiat bolesławiecki;030210101000;89407;89411;89596;89590;87740;88005;88121;88132;88308;88378;88341;88501;88557;88848;89051;90506;90528;90420;90306;90346;90199;90180;90173;90200;90103;88524;88275;87922;87642
Powiat jaworski;030210105000;54914;54829;54921;54818;53105;53116;52874;52634;52520;52344;52210;51970;51793;51761;51581;52809;52603;52356;52070;51796;51451;51176;50947;50545;50116;48626;48029;47584;47213
Powiat karkonoski;030210106000;67683;67676;67596;67005;63953;63967;63941;64083;64157;63967;63850;63711;63824;63757;63865;65234;65137;65129;65171;64969;64599;64395;64178;63855;63591;61884;61469;61016;60438
Powiat kamiennogórski;030210107000;49586;49490;49260;49078;47513;47361;47261;47201;46989;46796;46633;46234;46004;45723;45562;46026;45835;45487;45039;44700;44402;44262;43999;43621;43239;41817;41244;40786;40319
Powiat lubański;030210110000;60394;60377;60463;60331;58488;58227;57950;57811;57572;57317;57188;56876;56624;56427;56085;57026;56732;56503;56117;55900;55533;55238;54991;54699;54254;52944;52372;51886;51410
Powiat lwówecki;030210112000;51874;51782;51615;51562;49204;49064;48937;48708;48503;48491;48305;47909;47732;47516;47194;48072;47877;47661;47317;47014;46677;46527;46360;46059;45925;44033;43473;43157;42817
Powiat zgorzelecki;030210125000;101267;101315;101258;100952;96731;96479;96290;95950;95731;95195;94765;94122;93732;93408;92867;94636;94205;93801;93158;92389;91824;91258;90584;90003;89188;87594;86640;85898;85139
Powiat złotoryjski;030210126000;48017;47900;47794;47782;46635;46464;46297;46233;45994;46016;45885;45641;45598;45447;45376;45696;45613;45432;45056;44867;44598;44381;44126;43869;43490;41740;41277;40929;40616
Powiat m. Jelenia Góra;030210161000;93460;93570;93400;93901;90573;90130;89560;88866;88034;87643;87017;86503;85782;85378;84564;84015;83463;82846;81985;81408;81010;80524;80072;79480;79061;77538;76570;75794;75124
Powiat głogowski;030210203000;91373;91590;91656;91636;87962;88092;88181;87868;87718;87637;87669;87670;87584;87588;87712;90315;90249;90386;90302;90222;90205;89989;89933;89541;89102;86797;86376;85689;85043
Powiat górowski;030210204000;37826;37781;37976;38017;36821;36924;36789;36817;36764;36663;36607;36464;36418;36410;36317;36845;36730;36625;36391;36236;35940;35715;35473;35182;34870;33376;33027;32738;32459
Powiat legnicki;030210209000;54642;54522;54465;54344;53152;53070;53066;53043;53002;53068;53007;53101;53251;53440;53618;54582;54744;54825;54869;55026;55051;55182;55233;55326;55166;55038;55083;55032;55032
Powiat lubiński;030210211000;110669;110797;110675;110471;106674;106437;106390;106405;106146;106041;105781;105502;105248;105248;105170;106973;106966;106818;106512;106433;106319;106355;106320;106254;106150;104480;103927;103426;102872
Powiat polkowicki;030210216000;60907;61278;61739;62146;60820;61072;61195;61269;61060;61079;61144;61149;61331;61447;61622;62930;63121;63183;63240;63201;63057;63081;63017;62982;63065;61610;61309;61308;61189
Powiat m. Legnica;030210262000;107935;108464;108970;109335;107507;107416;107203;106895;106525;106143;105750;105186;104754;104489;104178;103417;102979;102422;101992;101343;100886;100718;100324;99752;99350;95135;93988;93040;91948
Powiat dzierżoniowski;030210302000;113810;113323;112857;112466;107810;107424;107112;106479;106015;105653;105210;104617;104303;103880;103636;106174;105762;105284;104613;104075;103349;102649;102077;101437;100813;97985;96884;95863;94740
Powiat kłodzki;030210308000;182667;182300;181688;181186;172236;171621;171054;170208;169056;167995;167058;166036;165146;164434;163648;167697;166843;165948;164680;163672;162465;161452;160465;159337;157996;152651;150515;148681;146952
Powiat świdnicki;030210319000;168730;168695;168698;168502;162790;162536;162219;161763;161333;160856;160675;160230;159723;159396;159323;162386;162145;161737;160932;160438;159633;158939;158392;157615;156921;153694;152443;151248;150410
Powiat wałbrzyski;030210321000;63152;62961;62756;62629;60244;60084;59947;59739;188229;186708;185399;183689;182104;180776;179526;180209;178776;177604;57834;57492;57023;56788;56446;56004;55611;54085;53534;53115;52656
Powiat ząbkowicki;030210324000;74046;73843;73558;73408;71170;70877;70726;70406;70051;69867;69521;69104;68835;68732;68575;69140;68807;68334;67875;67458;66971;66527;66009;65428;64802;62561;61846;61087;60562
Powiat m. Wałbrzych do 2002;030210363000;139219;138597;137829;136923;132688;131675;130668;129724;;;;;;;;;;;;;;;;;;;;;
Powiat m. Wałbrzych od 2013;030210365000;;;;;;;;;;;;;;;;;;;117926;116691;115453;114568;113621;112594;111356;105007;103263;101857;100294
Powiat milicki;030210413000;36882;37271;37319;37262;36768;36879;36945;36972;36929;36891;36915;36832;36823;36869;37036;37529;37529;37467;37320;37266;37213;37148;37125;37093;36999;36184;36033;35826;35603
Powiat oleśnicki;030210414000;104129;104379;104496;104715;102658;102772;102934;103145;103264;103231;103335;103338;103496;103782;104047;105320;105648;105954;106088;106311;106486;106794;106907;107062;107269;106650;106409;106481;106516
Powiat oławski;030210415000;71634;71633;71819;71991;70123;70382;70634;70829;70930;71073;71103;71222;71540;71908;72357;74696;75151;75528;75793;75953;76064;76329;76505;76595;76752;77405;77341;77300;77428
Powiat strzeliński;030210417000;46265;46159;46137;46043;44784;44786;44687;44685;44572;44409;44240;44134;43993;43984;43873;44760;44652;44547;44393;44274;44165;44052;44006;43773;43570;42522;42239;41990;41782
Powiat średzki;030210418000;49154;49168;49245;49240;48321;48421;48489;48726;48977;49127;49115;49353;49540;49828;50119;51548;51782;52108;52445;52725;52837;53181;53722;54269;55079;57409;57978;58508;59078
Powiat trzebnicki;030210420000;75025;75089;75488;75661;75062;75481;75963;76397;76644;77072;77172;77599;78248;78703;79166;81461;82015;82552;83041;83358;83699;84063;84495;84886;85253;86869;86980;87287;87635
Powiat wołowski;030210422000;49743;49902;49866;49775;47852;47894;47893;47770;47710;47616;47539;47446;47417;47332;47344;47956;47799;47708;47569;47439;47194;47137;47124;47056;46818;46352;46044;45728;45458
Powiat wrocławski;030210423000;91894;92182;92842;93482;94233;94925;95492;96786;98032;99511;100866;103548;106080;108386;111069;118593;121651;124509;127896;130968;134145;137419;141337;146060;151385;174276;178857;182778;187153
Powiat m. Wrocław;030210564000;641974;640600;639399;637877;643522;640614;640804;639150;637548;636268;635932;634630;632930;632162;632146;630691;631235;631188;632067;634487;635759;637683;638586;640648;642869;673592;674312;674079;673743
Powiat brzeski;031613101000;93709;93731;93930;93992;92852;92992;92908;92725;92723;92653;92516;92261;92090;92104;92188;92587;92455;92345;91981;91543;91191;90771;90493;90275;89804;88032;87312;86730;86149
Powiat głubczycki;031613102000;54137;53908;53716;53510;52184;52081;51912;51675;51290;50868;50539;50146;49818;49580;49422;48521;48217;47896;47453;47262;46892;46445;46209;45883;45552;43972;43607;43065;42608
Powiat namysłowski;031613106000;44497;44457;44477;44491;44511;44553;44522;44352;44181;44072;44045;44012;43795;43781;43814;43276;43149;43011;42881;42809;42615;42707;42677;42688;42634;42393;42394;42155;42033
Powiat nyski;031613107000;150293;150253;150224;149879;149047;148570;148216;148133;147441;146853;146330;145512;145017;144284;143852;142799;142119;141586;140628;139967;138969;138369;137819;136946;135948;132011;130567;129353;127992
Powiat prudnicki;031613110000;63895;63701;63449;63229;62684;62345;62034;61524;60878;60585;60199;59764;59354;59032;58732;57919;57583;57256;56828;56608;56174;55915;55748;55524;55237;53171;52518;51910;51443
Powiat kędzierzyńsko-kozielski;031613203000;111259;110900;110569;110235;106152;105625;104903;104130;103507;102983;102450;101924;101291;100870;100320;98900;98350;97879;97181;96715;96139;95750;95236;94487;93880;89355;87983;87011;86161
Powiat kluczborski;031613204000;72691;72719;72700;72709;72087;71900;71588;71224;70935;70704;70347;69821;69479;68990;68801;68124;67845;67558;67256;66977;66707;66446;66189;65837;65470;62890;62314;61714;61236
Powiat krapkowicki;031613205000;73892;73926;73663;73698;71232;70843;70268;69597;68965;68456;68082;67741;67244;66805;66795;65944;65729;65390;65113;64850;64599;64373;64227;63942;63747;60705;60273;59963;59647
Powiat oleski;031613208000;72387;72211;71815;71904;70667;70339;70078;69758;69345;68973;68507;67998;67705;67419;67194;66361;66104;65867;65653;65547;65306;65101;64848;64602;64293;62311;61954;61662;61281
Powiat opolski;031613209000;139132;139359;139515;139646;137434;137068;136624;135938;135550;135070;135091;134739;134696;134616;135010;133110;133196;133291;133217;133203;133048;133160;123612;123520;123726;121082;120775;120762;120841
Powiat strzelecki;031613211000;87061;86804;86900;86740;84386;83855;83294;82611;82025;81450;81033;80421;79851;79356;79177;77044;76764;76548;76079;75803;75440;75277;74871;74665;74300;72382;72111;71658;71257
Powiat m. Opole;031613261000;130219;130555;130119;129553;130969;130427;130091;129342;128827;128864;128268;127602;126748;126203;125792;122656;122439;121576;120146;119574;118931;118722;128140;128137;128035;127540;126775;126458;126077
Powiat bydgoski;040410603000;82476;83152;83845;84693;85551;86399;87776;89180;90755;92828;94841;97031;99386;101466;103010;105942;107678;109350;110565;111734;112992;114418;115981;117325;118683;122163;123833;125436;126981
Powiat toruński;040410615000;79897;80312;80779;81554;80302;81385;82469;83653;85382;87109;88773;90456;91963;93610;95187;97347;98698;99891;100972;102167;103397;104477;105631;106935;108345;111396;112556;113565;114303
Powiat m. Bydgoszcz;040410661000;386056;386592;386268;386855;377412;375676;374352;372104;370245;368235;366074;363468;361222;358928;357650;364443;363020;361254;359428;357652;355645;353938;352313;350178;348190;339068;334026;330038;326434
Powiat m. Toruń;040410663000;204660;205120;205840;206158;211955;210194;211269;210702;208936;208278;208007;207190;206619;206013;205718;205129;204921;204299;203447;203158;202689;202521;202562;202074;201447;198801;197112;195690;194771
Powiat brodnicki;040410702000;75319;75502;75495;75513;74461;74695;74692;74678;74837;75033;75038;75084;75204;75449;75579;77530;77751;78003;78102;78397;78431;78630;78879;78898;79097;78397;78173;78057;77791
Powiat chełmiński;040410704000;53069;53145;53291;53268;51134;51244;51329;51387;51444;51565;51515;51375;51412;51477;51456;52755;52748;52754;52610;52559;52361;52236;52292;52193;51925;50298;49900;49562;49123
Powiat golubsko-dobrzyński;040410705000;45145;45359;45446;45502;44784;44823;44912;45019;45123;45137;45145;45074;45111;45231;45281;45363;45401;45449;45480;45441;45342;45250;45289;45140;45018;44175;43784;43547;43278
Powiat grudziądzki;040410706000;39315;39264;39137;39207;38495;38499;38483;38406;38333;38400;38420;38427;38559;38698;38708;40163;40216;40219;40135;40207;40346;40364;40368;40271;40238;39335;39269;39162;39137
Powiat rypiński;040410712000;45879;45871;45775;45711;44639;44693;44719;44597;44453;44456;44398;44264;44143;44069;43902;44946;44873;44811;44723;44652;44384;44219;44029;43826;43486;42089;41686;41404;41185
Powiat wąbrzeski;040410717000;35827;35771;35908;35913;34773;34802;35004;34987;35115;35076;34957;34869;34763;34670;34777;35302;35286;35229;35034;34857;34844;34752;34612;34413;34194;33220;33029;32756;32420
Powiat m. Grudziądz;040410762000;102997;102911;102829;102434;101033;100878;100400;100189;100024;99827;99578;99244;99090;99134;99074;98869;98438;97971;97676;97176;96319;95964;95629;95045;94368;91289;90275;89450;88658
Powiat aleksandrowski;040410801000;56650;56654;56762;56764;55221;55327;55281;55280;55325;55271;55180;55319;55367;55373;55336;56341;56199;56034;55919;55711;55573;55347;55337;55274;55066;54334;54003;53736;53458
Powiat lipnowski;040410808000;68524;68702;68764;68793;66821;66732;66639;66526;66344;66160;66273;66072;66063;66124;66162;67619;67537;67474;67231;67041;66823;66575;66517;66062;65750;63889;63414;63051;62578
Powiat radziejowski;040410811000;44838;44752;44443;44264;43080;43061;42978;42834;42626;42365;42394;42169;41972;41937;41793;42483;42239;41905;41646;41510;41373;41169;40898;40714;40321;39082;38633;38173;37812
Powiat włocławski;040410818000;87716;87536;87501;87409;85926;85776;85684;85522;85620;85613;85471;85308;85303;85475;85368;87274;87345;87198;86920;86809;86758;86605;86604;86352;86037;83581;83046;82599;82151
Powiat m. Włocławek;040410864000;123134;123204;123303;123373;121923;121833;121370;121107;120728;120369;119939;119256;118432;118042;117402;117034;116345;115546;114885;113939;113041;112483;111752;110802;109883;105180;103535;102102;100807
Powiat inowrocławski;040416707000;169626;169522;169587;169591;166590;166441;166438;166388;166362;166168;165527;164943;164571;164213;164112;165413;164965;164401;163682;163167;162545;162011;161591;160647;159814;154683;153029;151925;150555
Powiat mogileński;040416709000;47557;47535;47487;47435;47401;47425;47321;47220;47137;46992;47011;46848;46833;46876;46877;47097;46929;46855;46590;46408;46254;46197;46046;45821;45619;44452;44062;43853;43577
Powiat nakielski;040416710000;84324;84535;84736;84866;83418;83618;83915;84201;84354;84458;84794;84900;85050;85248;85397;86881;86966;86839;86969;86936;86841;86774;86764;86590;86311;83894;83412;83148;82874
Powiat żniński;040416719000;71152;71402;71555;71390;69753;69755;69776;69871;69813;69772;69808;69754;69736;69967;69985;71052;71003;70957;70792;70696;70606;70528;70534;70413;70190;68626;68357;67936;67536
Powiat sępoleński;040416813000;41869;41854;41872;41848;40605;40698;40739;40868;40864;40838;40895;40982;40990;41059;41045;41719;41683;41689;41636;41542;41501;41392;41373;41147;41056;39638;39465;39218;38826
Powiat świecki;040416814000;99484;99465;99698;99748;96599;96851;97173;97380;97224;97182;96984;97040;97037;97311;97642;99851;99942;99949;99839;99852;99764;99661;99505;99281;98952;96507;95914;95359;94831
Powiat tucholski;040416816000;47463;47659;47697;47817;46988;47012;47028;47067;47098;47126;47231;47298;47310;47548;47622;48158;48187;48327;48283;48381;48381;48416;48438;48374;48383;47453;47207;47109;46917
Powiat gdański;042214004000;73251;74003;74721;75603;77372;78224;79459;80470;81676;83201;84711;86451;89073;90907;93191;98434;100912;103167;105247;107382;109394;111675;113983;116199;118489;126258;128404;129983;131728
Powiat kartuski;042214005000;95522;96705;98049;99153;100443;101666;102800;104077;105375;107055;108560;110086;112221;114083;116000;119521;121358;123094;125076;127098;128925;131071;133841;136619;139397;147389;149799;151934;153813
Powiat nowodworski;042214010000;36230;36452;36527;36753;35416;35532;35685;35654;35729;35602;35549;35487;35542;35608;35642;36530;36471;36459;36332;36254;36154;36018;35891;35746;35580;34290;34065;33815;33626
Powiat pucki;042214011000;69070;69485;69935;69294;70268;70588;70925;71631;72292;73179;73788;74717;75693;76310;77238;79173;80106;80738;81597;82414;83080;83752;84687;85726;86684;89493;90329;90942;91664
Powiat wejherowski;042214015000;163344;165094;166682;169357;169359;171133;173254;174394;176224;178368;180691;183085;185831;188973;192349;199005;201630;203862;205892;207676;209407;211455;213803;215908;217846;224365;225799;227406;229446
Powiat bytowski;042214101000;76072;75728;76034;76298;74395;74736;75067;75109;75246;75369;75328;75286;75527;75813;76043;78195;78232;78331;78307;78631;78780;78834;79134;79299;79198;77409;76987;76715;76502
Powiat lęborski;042214108000;64429;64742;65227;65586;63050;63349;63319;63509;63561;63606;63708;63703;63705;63767;63915;66161;66202;66186;66130;66256;66187;66177;66333;66280;66115;64329;64130;63900;63677
Powiat słupski;042214112000;92426;93281;93742;94104;90811;91076;91619;91787;92045;92174;92102;92355;92704;92967;93230;96570;96955;97367;97437;97727;98140;98501;98737;98816;98686;96380;96326;96231;96293
Powiat m. Słupsk;042214163000;102596;102461;102449;102370;100318;100386;100036;99526;99247;98757;98695;98092;97419;97331;97087;96022;95542;94849;93936;93206;92496;91935;91465;91007;90681;88060;87119;86365;85504
Powiat kwidzyński;042214207000;81873;82165;82587;82785;78914;79366;79681;79909;80273;80657;80742;80898;81172;81433;81848;83562;83734;83783;83611;83627;83464;83495;83423;83291;83174;81431;81024;80636;80146
Powiat malborski;042214209000;108274;108581;108811;108910;104854;105017;105029;63166;62968;63129;63051;62867;62712;62681;62842;64857;64821;64697;64371;64257;64311;64011;63911;63748;63470;61892;61403;61012;60647
Powiat starogardzki;042214213000;119835;120300;120976;121648;119357;119913;120463;120757;120931;121414;121878;122116;122794;123586;124056;126538;126816;127097;127279;127297;127289;127502;127868;128004;128186;126031;125657;125437;125125
Powiat tczewski;042214214000;112576;112933;113449;113594;111001;111245;111691;111973;112187;112414;112519;112716;113148;113196;113570;115689;115768;115975;115962;116040;115610;115836;115896;115876;115728;112765;112350;111755;111237
Powiat sztumski;042214216000;;;;;;;;42043;41964;41974;41886;41823;41763;41708;41694;42801;42739;42658;42511;42482;42377;42250;41946;41569;41302;39586;39124;38678;38341
Powiat m. Gdańsk;042214361000;463019;462336;461354;458988;464358;462995;461885;461653;461011;459072;458053;456658;455717;455581;456591;460509;460517;460427;461531;461489;462249;463754;464254;466631;470907;486542;486271;486345;487371
Powiat m. Gdynia;042214362000;251631;251932;251585;253521;252985;253387;253364;253508;253500;253324;252791;251844;250242;249257;247859;249461;248939;248726;248042;247820;247478;246991;246306;246309;246348;245739;244676;242874;241189
Powiat m. Sopot;042214364000;43576;43360;43026;42781;42867;42348;42035;41410;41017;40547;40075;39624;39154;38821;38460;38858;38584;38217;37903;37654;37231;36849;36533;36046;35719;33125;32743;32276;31903
Powiat chojnicki;042217202000;89686;89856;90319;90602;89246;89780;89923;90236;90635;90972;91410;91825;92174;92934;93411;95542;95941;95994;96213;96345;96627;96952;97251;97551;97645;96444;96340;96218;96024
Powiat człuchowski;042217203000;58230;58578;58639;58837;56710;56779;56864;57123;57048;56834;56867;56926;56816;56782;56762;57683;57491;57402;57193;57028;56887;56782;56678;56370;56085;54367;53924;53558;53135
Powiat kościerski;042217206000;64044;64548;64992;65489;64506;64764;65238;65701;65989;66393;66639;67036;67513;67774;68311;70383;70742;71041;71241;71394;71624;71771;72311;72528;72688;72361;72256;72227;72202
Powiat braniewski;042815402000;45804;45822;45913;45954;44546;44446;44581;44598;44391;44166;43894;43531;43267;43168;42927;43640;43276;43023;42740;42469;42208;41954;41675;41391;41034;38686;38234;37851;37281
Powiat działdowski;042815403000;66851;66979;67239;67377;65694;65808;65679;65698;65689;65238;65193;65025;65025;65150;65188;66868;66736;66712;66485;66286;66113;66011;65772;65442;65139;62861;62296;61917;61416
Powiat elbląski;042815404000;57628;57955;58083;57908;56389;56375;56406;56470;56498;56458;56491;56466;56400;56410;56389;58354;58411;58402;58260;58174;58220;58094;57955;57549;57211;55425;54968;54615;54142
Powiat iławski;042815407000;89588;90006;90397;90810;88517;88941;89199;89511;89662;89908;90007;89946;90086;90312;90442;92903;93047;93201;93134;93052;92795;92791;92811;93020;92879;91087;90562;90218;89870
Powiat nowomiejski;042815412000;43149;43394;43513;43653;42937;43087;43320;43327;43388;43380;43374;43509;43486;43673;43749;44283;44340;44273;44265;44291;44321;44166;44104;43997;43822;42816;42473;42209;41964
Powiat ostródzki;042815415000;108454;108668;108683;108810;105302;105502;105703;105726;105629;105604;105455;105154;104890;104658;104506;107543;107385;107178;106727;106442;106023;105607;105318;104780;104151;101397;100597;99744;99069
Powiat m. Elbląg;042815461000;128605;128828;129405;129782;128159;128305;128226;128016;127941;127655;127275;126985;126710;126439;126419;124883;124257;123659;122899;122368;121642;121191;120895;120142;119317;115575;114401;113567;112923
Powiat ełcki;042815505000;84155;84515;84867;85486;83469;83665;83727;83870;84104;84489;84746;85020;85307;85857;86238;88457;88838;89285;89477;89883;90080;90584;91022;91359;91560;89158;88771;88621;88343
Powiat giżycki;042815506000;88742;89179;89351;89166;85378;85295;85223;57050;56953;57032;56963;56816;56671;56652;56522;57846;57759;57765;57616;57562;57286;57141;56922;56754;56565;54961;54409;54016;53736
Powiat olecki;042815513000;59171;59134;59169;59191;57296;57317;57410;34376;34264;34301;34224;34367;34012;34194;34111;35077;35038;34959;34887;34805;34745;34609;34600;34433;34148;32851;32479;32222;31996
Powiat piski;042815516000;59554;59794;59777;59821;57725;57742;57828;57707;57642;57632;57580;57563;57408;57306;57093;58550;58354;58087;57819;57771;57570;57295;56933;56570;56135;53531;52946;52537;51969
Powiat gołdapski;042815518000;;;;;;;;27181;27188;27062;27055;26649;26818;26441;26642;27578;27536;27514;27460;27353;27280;27151;27062;26908;26689;25583;25408;25147;24860
Powiat węgorzewski;042815519000;;;;;;;;23928;23947;23798;23734;23471;23551;23395;23327;23853;23736;23765;23693;23604;23451;23278;23068;22873;22638;21473;21260;21062;20804
Powiat bartoszycki;042815601000;65018;65035;64981;64892;62890;62608;62521;62363;62093;61854;61598;61219;60703;60427;60128;61449;61038;60695;60205;59830;59378;58884;58435;57916;57231;54582;53830;53220;52674
Powiat kętrzyński;042815608000;72266;72018;71610;71570;68371;68279;67948;67596;67202;67000;66472;66285;65753;65327;64814;66723;66424;66108;65509;65040;64450;63969;63470;62924;62283;59331;58566;57792;57045
Powiat lidzbarski;042815609000;46058;46061;45974;45784;43694;43538;43651;43504;43398;43307;43181;42823;42618;42602;42501;43255;43088;42965;42582;42506;42266;42039;41840;41512;41180;39328;38923;38539;38126
Powiat mrągowski;042815610000;51365;51654;51886;51994;50339;50362;50365;50372;50368;50189;50143;50046;50127;50184;50169;51442;51349;51313;51069;50901;50696;50507;50381;50080;49762;48860;48324;47861;47472
Powiat nidzicki;042815611000;35228;35281;35215;35272;34093;34056;34083;34163;34003;33971;33977;33892;33729;33605;33444;34404;34271;34133;33903;33859;33658;33432;33239;33068;32857;31232;30907;30666;30460
Powiat olsztyński;042815614000;111953;112565;113122;113673;109630;109912;110342;110962;111850;112440;113360;113848;114643;115822;116766;119876;120854;121710;122483;123049;123479;124205;125220;126018;126781;128530;128935;129555;129914
Powiat szczycieński;042815617000;70936;71125;71369;71473;69212;69427;69605;69564;69600;69380;69406;69327;69241;69309;69286;71410;71439;71309;71027;70891;70570;70466;70153;69885;69376;67649;67159;66859;66535
Powiat m. Olsztyn;042815662000;167898;168711;169878;170904;171131;172843;172652;172467;173075;173850;174473;174941;175710;176142;176457;175388;175420;174641;174675;173831;173444;172993;173070;172362;171979;170706;169251;168212;167311
Powiat łódzki wschodni;051011506000;92235;92257;92301;92388;93079;93130;93391;62801;63334;63859;64384;64793;65368;66020;66807;67987;68671;69300;69759;70132;70430;70796;71182;71705;72179;73688;73991;74361;74706
Powiat pabianicki;051011508000;121636;121639;121508;121437;120843;120498;120361;119909;119649;119473;119172;119078;119110;119127;119060;120003;120016;119757;119672;119582;119518;119299;119285;119289;119291;120073;119751;119316;119066
Powiat zgierski;051011520000;161763;161854;161742;161535;159847;159888;159702;159746;159955;160352;160728;160760;161012;161415;161959;164346;164608;164597;164681;164988;165130;165206;165606;165916;166113;167737;167019;166537;166340
Powiat brzeziński;051011521000;;;;;;;;30787;30688;30682;30601;30614;30585;30652;30537;30964;30940;30956;30923;30945;30933;30912;30884;30890;30833;30457;30374;30246;30159
Powiat m. Łódź;051011661000;823215;817983;812317;806728;805311;798418;791727;785134;779129;774004;767628;760251;753192;747152;742387;730633;725055;718960;711332;706004;700982;696503;690422;685285;679941;673003;664860;658444;652015
Powiat bełchatowski;051011701000;109986;110241;110683;110841;111866;112087;111955;112323;112234;112279;112548;112633;112772;112985;112993;113038;113005;113173;113105;113238;112916;113004;113028;112997;112779;110229;109588;109035;108599
Powiat opoczyński;051011707000;80721;80701;80753;80653;79628;79658;79668;79606;79373;79067;78850;78594;78473;78512;78362;78810;78522;78234;78057;77771;77457;77203;76984;76623;76106;73604;72960;72310;71776
Powiat piotrkowski;051011710000;93407;93101;92822;92543;90658;90516;90205;90259;90217;90106;90197;90261;90392;90394;90462;91401;91476;91520;91618;91534;91283;91334;91301;91315;91353;91036;90571;90519;90121
Powiat radomszczański;051011712000;124350;123964;123548;123292;120896;120720;120631;120328;120091;119598;119123;118623;118249;117831;117431;117764;117266;116881;116316;115832;115125;114336;113923;113315;112644;109713;108615;107575;106671
Powiat tomaszowski;051011716000;126629;126252;125895;125568;123018;122735;122418;122175;121804;121447;121159;120887;120584;120386;120132;121434;120907;120383;119759;119273;118671;118234;117852;117259;116519;113407;112303;111439;110634
Powiat m. Piotrków Trybunalski;051011762000;81218;81308;81456;81284;81639;81238;81177;80923;80510;80085;79670;78954;78475;78149;77810;76881;76505;76404;75903;75608;75183;74694;74312;73670;73090;69274;68270;67264;66519
Powiat łaski;051011803000;53023;52995;52784;52783;51799;51745;51582;51300;51241;51090;50987;50792;50813;50770;50808;50905;50725;50651;50687;50551;50282;50285;50224;50103;49918;49355;49159;48992;48742
Powiat pajęczański;051011809000;55779;55646;55528;55335;54630;54597;54462;54342;54073;53752;53453;53283;53140;52979;52750;53037;52877;52700;52533;52293;52023;52003;51851;51597;51220;49834;49349;49064;48575
Powiat poddębicki;051011811000;45561;45398;45149;44762;43831;43521;43345;43144;42844;42595;42359;42192;41905;41850;41618;42239;42026;41881;41871;41788;41679;41484;41380;41205;41108;40040;39746;39621;39356
Powiat sieradzki;051011814000;125478;125653;125720;125659;123209;123093;122879;122560;122185;121676;121260;120795;120351;120219;119916;120943;120699;120410;120057;119622;119268;119009;118692;118240;117674;114150;113195;112350;111477
Powiat wieluński;051011817000;81609;81492;81774;81335;79430;79441;79081;78891;78534;78454;78315;78254;78076;77943;77843;78290;78120;77984;77720;77513;77290;77238;77017;76699;76256;74207;73659;73140;72586
Powiat wieruszowski;051011818000;43153;42858;42761;42801;42688;42580;42567;42592;42606;42481;42386;42269;42149;42212;42168;42465;42372;42281;42260;42196;42195;42237;42255;42213;42105;41895;41671;41583;41452
Powiat zduńskowolski;051011819000;69288;69338;69217;69131;68175;68295;68063;67984;67864;67929;67772;67840;67693;67685;67588;68227;68121;68123;67928;67748;67483;67248;67049;66766;66380;64709;64213;63742;63326
Powiat kutnowski;051011902000;113264;112857;112362;112036;108688;108209;107770;107135;106345;105584;104594;103875;103007;102561;102015;102509;101789;101177;100407;99967;99258;98583;98018;97295;96569;93670;92544;91563;90671
Powiat łęczycki;051011904000;58567;58060;57883;57292;55704;55271;55075;54757;54482;54018;53589;53317;52849;52607;52420;52570;52329;51980;51673;51323;51062;50769;50527;50143;49747;48000;47438;47002;46666
Powiat łowicki;051011905000;87164;86937;86902;86607;84948;84562;83971;83584;83155;82767;82511;82195;81784;81457;81151;81241;80996;80679;80329;79951;79631;79340;78994;78616;78099;75887;75109;74606;74009
Powiat rawski;051011913000;51841;51767;51788;51696;50492;50371;50144;49979;49825;49677;49484;49401;49286;49295;49053;49840;49764;49612;49577;49419;49239;49081;48997;48808;48592;47178;46749;46415;46082
Powiat skierniewicki;051011915000;39811;39560;39406;39162;38982;38817;38670;38433;38289;37994;37888;37765;37701;37644;37604;38276;38234;38313;38292;38198;38177;38198;38224;38195;38174;38122;37879;37799;37787
Powiat m. Skierniewice;051011963000;48063;48489;48524;48740;48077;48434;48474;48688;48667;48733;48807;48772;48932;49016;48958;48633;48658;48695;48634;48660;48388;48327;48308;48178;48089;46548;45933;45560;45184
Powiat kielecki;052615204000;191421;192513;193468;194181;192963;194012;194670;195529;196540;197467;198376;198857;199847;200623;201643;205475;206261;207085;207588;208066;208526;208977;210102;210694;211259;211897;211639;211774;211764
Powiat konecki;052615205000;89080;88943;88721;88424;86027;85869;85717;85293;84964;84716;84483;84036;83590;83371;83005;84697;84257;83927;83392;82925;82336;81902;81315;80648;79858;76423;75396;74558;73741
Powiat ostrowiecki;052615207000;122672;122572;122294;122770;119204;118832;118251;117614;117262;116904;116599;115859;115333;115078;114670;116513;115833;115154;114418;113678;112417;111984;111111;110127;108964;104024;102552;101311;100058
Powiat skarżyski;052615210000;82699;82316;81436;81129;79242;81547;81087;80794;80384;80879;80419;79730;79292;78814;78400;79612;79085;78636;78072;77647;77039;76384;75673;74817;73991;71276;70076;69087;68103
Powiat starachowicki;052615211000;100165;100164;100778;100527;96737;96414;96202;96052;95525;95149;94741;94294;93954;93635;93280;94611;94217;93805;93216;92540;92032;91449;90888;90377;89576;86496;85424;84514;83634
Powiat m. Kielce;052615261000;213777;213748;212596;212383;214242;213469;212763;211810;210639;209455;208193;207188;205902;205094;204835;202450;201815;200938;199870;198857;198046;197704;196804;195774;194852;187427;185478;183885;182295
Powiat buski;052615301000;78015;77790;77549;77265;75789;75410;75134;74966;74591;74457;74149;73713;73445;73335;73127;74591;74289;73934;73591;73450;73068;72779;72323;72058;71596;69752;68910;68470;67817
Powiat jędrzejowski;052615302000;94856;94450;93888;93402;91680;91280;90916;90629;90096;89716;89557;89325;89065;88944;88665;88867;88552;88285;87987;87635;87141;86886;86560;86076;85379;83369;82500;81786;81057
Powiat kazimierski;052615303000;39154;38987;38558;38346;37331;37143;36930;36631;36367;36179;35944;35646;35468;35297;35088;35805;35540;35275;34943;34689;34449;34273;34049;33851;33619;32616;32281;31966;31693
Powiat opatowski;052615306000;61259;60941;60654;60152;58941;58581;58299;58081;57551;57123;56881;56543;56109;55740;55471;55811;55413;55082;54656;54248;53821;53361;53028;52577;52089;50148;49470;48894;48394
Powiat pińczowski;052615308000;44983;44749;44577;44474;43716;43482;43255;42944;42661;42450;42291;42071;41811;41579;41282;41430;41126;40930;40611;40350;40081;39838;39497;39271;38926;37821;37372;37011;36739
Powiat sandomierski;052615309000;86585;86679;86593;86595;83558;83561;83130;82837;82618;82279;81899;81491;81074;80936;80709;81386;80891;80566;80069;79625;79266;78858;78405;77773;77017;74270;73420;72616;71824
Powiat staszowski;052615312000;77800;77959;78109;78166;75240;75257;75287;74973;74779;74460;74176;73955;73697;73498;73277;74411;74126;73858;73505;73320;73036;72797;72456;72167;71776;70079;69515;69001;68448
Powiat włoszczowski;052615313000;49015;48649;48638;48404;47848;47793;47741;47732;47621;47459;47299;47130;46963;46840;46668;46887;46711;46520;46321;46146;45921;45708;45521;45336;45059;43986;43660;43291;42932
Powiat bialski;060610901000;118985;118726;118360;118026;116474;116064;115644;115348;115112;114449;113975;113808;113511;113338;112846;114360;114052;113672;113336;112901;112507;112398;111922;111391;110772;107031;106194;105530;104849
Powiat parczewski;060610913000;39535;39330;39159;38967;37924;37828;37636;37391;37122;36820;36633;36466;36265;36036;35921;36486;36317;36147;36044;35810;35628;35441;35140;34954;34711;33491;32934;32608;32223
Powiat radzyński;060610915000;64500;64406;64171;64160;62526;62466;62321;62171;62017;61750;61571;61267;61121;61026;60866;61521;61254;61195;60870;60606;60287;59986;59640;59278;58858;56597;55896;55493;55021
Powiat włodawski;060610919000;43289;43193;43054;42794;41416;41206;41138;40828;40622;40534;40279;40071;39837;39662;39526;40168;39937;39754;39567;39457;39280;39084;38853;38668;38353;36662;36169;35802;35399
Powiat m. Biała Podlaska;060610961000;56453;57013;57607;58351;57542;57901;58268;58142;57825;58047;58082;58075;57783;57780;57876;58051;58000;57990;57658;57471;57414;57303;57545;57352;57170;55532;55100;54768;54453
Powiat biłgorajski;060611002000;105960;106127;106223;106301;105375;105448;105031;104874;104877;104648;104423;104001;103759;103623;103226;104102;103727;103569;103366;102941;102647;102272;101949;101435;100919;98832;97771;97055;96158
Powiat chełmski;060611003000;78068;77589;77008;76664;75362;75034;74870;74563;74257;73880;73599;79829;79364;79131;78765;80537;80197;79786;79573;79619;79377;79088;78579;78228;78014;75463;74857;74358;73705
Powiat hrubieszowski;060611004000;77011;76487;75767;75102;72185;71650;71327;70649;70092;69476;69133;68398;67861;67460;67059;68858;68205;67662;67157;66512;65939;65195;64428;63698;62847;59651;58627;57594;56783
Powiat krasnostawski;060611006000;83310;82816;82270;81598;79686;79162;78664;78102;77364;76797;76335;68995;68460;68148;67824;67838;67402;66896;66559;65991;65422;64921;64432;63925;63258;61228;60269;59754;59041
Powiat tomaszowski;060611018000;94133;93933;93597;93027;91135;90892;90739;90295;89884;89441;88702;88199;87484;87148;86657;88600;88032;87479;86936;86385;85705;85105;84429;83715;82762;79909;78805;77963;77016
Powiat zamojski;060611020000;114326;113938;113541;113127;112495;112142;111861;111541;111281;110827;110424;110036;109867;109576;109181;110070;109680;109522;109198;108777;108393;107928;107565;106935;106122;103183;102181;101388;100753
Powiat m. Chełm;060611062000;69426;69882;70292;70654;68963;69012;69016;68672;68688;68611;68160;67887;67782;67702;67650;66537;66176;65897;65481;64855;64270;63734;63333;62670;61932;59711;58805;57933;57214
Powiat m. Zamość;060611064000;66534;67126;67636;68288;67099;67134;67166;66820;66675;66747;66802;66507;66375;66530;66557;66061;65784;65612;65255;65055;64788;64648;64354;63813;63437;60375;59603;58942;58231
Powiat lubartowski;060611108000;93552;93530;93225;92946;91774;91538;91623;91321;91274;90878;90680;90385;90235;89975;89876;90562;90470;90240;90065;89749;89502;89326;89040;88789;88352;85950;85146;84578;83975
Powiat lubelski;060611109000;134232;134545;134585;134820;135100;135685;136253;136722;137737;138964;140041;141311;142662;143466;144383;146513;147457;148483;149481;150359;151178;152253;153380;154387;155566;161433;162129;163209;164469
Powiat łęczyński;060611110000;57027;57131;57492;57516;57104;57094;57216;57196;57173;57273;57381;57240;57101;57148;57164;57690;57668;57736;57587;57544;57401;57420;57461;57457;57331;56442;56162;55926;55721
Powiat świdnicki;060611117000;73695;73748;73702;73736;72579;72533;72428;72466;72568;72301;72206;72354;72472;72446;72366;73428;73326;73047;72960;72750;72642;72495;72412;72039;71840;70777;70125;69586;69274
Powiat m. Lublin;060611163000;354552;355415;356010;356251;359154;358933;357156;358354;356563;355998;354967;353483;351806;350462;349440;349483;348567;347678;343598;341722;340727;340466;339850;339682;339784;335114;332852;331243;329565
Powiat janowski;060611205000;50625;50502;50376;50095;49135;49012;48794;48518;48377;48156;47979;47813;47650;47408;47242;47980;47713;47500;47296;47106;46895;46596;46306;46057;45709;44159;43638;43188;42796
Powiat kraśnicki;060611207000;103853;103812;103696;103458;101552;101415;101342;100874;100607;100260;100027;99531;99099;98858;98574;99955;99581;99137;98749;98182;97569;97069;96574;96043;95348;92147;91004;90085;89215
Powiat łukowski;060611211000;111136;111236;111192;111212;109312;109445;109487;109327;109063;108779;108571;108340;107997;108075;107953;110193;109892;109555;109325;108911;108597;108299;107896;107449;106816;102781;102121;101536;100959
Powiat opolski;060611212000;66749;66407;66048;65857;64602;64408;64212;63802;63597;63104;63177;62956;62662;62372;62048;63003;62603;62244;61803;61542;60964;60586;60266;59726;59208;57375;56726;56163;55650
Powiat puławski;060611214000;123498;123438;123332;123192;119020;118633;118337;117928;117639;117331;117019;116663;116382;116028;115860;117323;116984;116526;116206;115777;115206;114722;114198;113762;113173;109913;108699;107914;107020
Powiat rycki;060611216000;64179;63882;63609;63358;61569;61565;61191;61088;60758;60085;59445;59151;58678;58434;58342;59292;58833;58324;58080;57724;57388;57005;56765;56166;55988;53152;52486;52021;51557
Powiat bieszczadzki;061813301000;50349;50524;50601;50594;48900;48865;48857;22341;22337;22303;22262;22184;22106;22015;22001;22494;22396;22267;22204;22155;22072;21990;21891;21879;21664;21087;20940;20777;20601
Powiat brzozowski;061813302000;65554;65590;65649;65648;64870;65143;65472;65651;65716;65539;65337;65228;65074;65205;65253;66572;66502;66546;66334;66220;66112;65990;65938;65713;65567;64304;63918;63591;63203
Powiat jasielski;061813305000;123202;123782;124042;124229;123355;123571;123583;123754;115518;115325;115310;114997;114765;114657;114689;115821;115789;115661;115388;115185;114773;114533;114156;113962;113450;111035;110185;109582;108819
Powiat krośnieński;061813307000;107538;107971;108484;109208;108371;108640;108858;108952;109081;109391;109689;109749;110270;110607;110849;111720;111874;111858;111883;112064;112117;112193;112481;112414;112283;110184;109633;109122;108659
Powiat sanocki;061813317000;95156;95492;95740;95824;94617;94500;94430;94672;94539;94617;94733;94719;94666;94882;94857;96258;96174;96325;96096;95826;95645;95485;95035;94758;94385;91818;90907;90294;89743
Powiat leski;061813321000;;;;;;;;26598;26680;26593;26643;26578;26535;26530;26608;26959;26950;26828;26783;26821;26747;26691;26606;26562;26441;25971;25696;25565;25397
Powiat m. Krosno;061813361000;49277;49466;49375;49227;48836;48531;48432;48249;48025;48060;47817;47723;47479;47534;47534;47516;47348;47307;47223;46934;46775;46565;46600;46511;46291;45165;44687;44322;44060
Powiat jarosławski;061813404000;122655;123042;123171;123492;121628;121792;121889;121912;122122;122281;122597;122072;121853;121660;121654;122894;122677;122414;122130;121795;121508;121299;120980;120714;120247;117823;117015;116458;115865
Powiat lubaczowski;061813409000;58507;58419;58501;58198;57827;57670;57753;57808;57737;57380;57225;57022;56960;56828;56811;57862;57635;57283;57057;56895;56536;56352;56086;55652;55217;53914;53374;52983;52565
Powiat przemyski;061813413000;71351;71623;71982;72219;71141;71180;71230;71225;71338;71123;70890;71101;71078;71177;71231;73636;73778;74053;74225;74067;74315;74360;74440;74398;74061;72100;71742;71393;71131
Powiat przeworski;061813414000;79795;79763;79784;79749;78856;78983;78942;78871;78790;78679;78717;78637;78591;78576;78630;79445;79355;79304;79262;79027;78869;78735;78644;78458;78362;76778;76401;76094;75739
Powiat m. Przemyśl;061813462000;68789;69033;68582;68455;68558;68220;68168;67787;67547;67847;66909;67127;66867;66488;66389;65096;64728;64276;63638;63441;62720;62154;61808;61251;60689;58625;57568;56802;56050
Powiat kolbuszowski;061813506000;59703;59925;60174;60335;60439;60788;61076;61409;61495;61444;61437;61388;61401;61441;61546;62881;62846;62756;62751;62656;62513;62472;62401;62476;62246;61926;61574;61389;61160
Powiat łańcucki;061813510000;76412;76733;77087;77502;76802;76944;77170;77378;77541;77534;77721;77761;77916;78139;78359;79289;79623;79660;79866;80028;80201;80464;80741;80834;81049;81007;80796;80802;80844
Powiat ropczycko-sędziszowski;061813515000;70184;70414;70630;70727;70249;70508;70781;70901;71016;71081;71218;71275;71303;71470;71751;73011;73166;73358;73551;73680;73756;73956;74198;74374;74515;74023;74063;74066;74027
Powiat rzeszowski;061813516000;163238;164238;165202;166076;167214;168105;169061;169892;171205;172445;173774;170065;168189;165808;164900;162770;163859;164765;165835;166643;167342;168337;169165;170486;169438;174049;173842;174805;175777
Powiat strzyżowski;061813519000;62057;62000;62115;62303;61745;61803;61989;61931;61889;61973;61978;61905;61924;61864;61897;62415;62318;62262;62095;61912;61852;61781;61690;61558;61386;60350;59852;59514;59201
Powiat m. Rzeszów;061813563000;160271;160837;161267;162049;160601;160779;160431;159791;159088;159020;158539;163508;166454;170653;172770;179199;180031;182028;183108;185123;185896;187422;189662;191564;196208;194374;196374;197181;197268
Powiat dębicki;061813603000;131219;131808;132181;132841;131226;131480;131750;132039;132124;132342;132556;132490;132585;132924;133244;134855;135090;135239;135165;135115;135293;135336;135479;135471;135299;133915;133330;132873;132615
Powiat leżajski;061813608000;68764;69037;69422;69709;68751;68870;69109;69168;69221;69215;69276;69202;69028;69018;69105;70199;70230;70106;69977;69856;69701;69663;69641;69562;69370;67896;67439;67015;66698
Powiat mielecki;061813611000;134099;134414;134657;134826;132674;132732;132864;132830;132862;133111;133255;133158;133314;133637;133986;136042;136179;136296;136403;136313;136263;136315;136666;136673;136660;134329;133714;133320;132983
Powiat niżański;061813612000;66516;67132;67342;67214;66852;66998;67259;67117;67194;67116;67065;67085;67044;67019;66947;67842;67721;67656;67521;67353;67178;66911;66917;66843;66589;64957;64428;64057;63733
Powiat stalowowolski;061813618000;114983;115064;115044;115088;110857;110953;110589;110389;109813;109641;109410;108830;108522;108162;107815;109889;109502;109111;108664;108280;107946;107576;107138;106619;106037;103563;102422;101637;100891
Powiat tarnobrzeski;061813620000;55279;55368;55402;55590;53977;54010;54123;54009;54060;53879;53790;53713;53643;53586;53487;54397;54280;54034;53918;53798;53711;53481;53388;53236;52965;51919;51503;51300;50935
Powiat m. Tarnobrzeg;061813664000;50699;50885;50907;51061;50425;50310;50322;50376;50310;50036;50115;50047;49771;49615;49419;48886;48636;48558;48217;48000;47816;47595;47387;47047;46745;45054;44529;44156;43712
Powiat białostocki;062013702000;138905;139075;139484;139668;139590;139645;139492;138367;138665;139084;139942;137282;138004;138852;139643;142577;143701;144388;144978;145230;145517;146254;147002;148145;149611;153874;155073;156370;157896
Powiat sokólski;062013711000;80506;79969;79484;78968;76059;75555;75231;74606;74119;73386;72760;72046;71543;71031;70517;72284;71678;71128;70525;70060;69375;68664;68188;67466;66686;63744;62775;62063;61246
Powiat m. Białystok;062013761000;278489;280592;282530;283937;288756;289233;290091;291660;291931;292150;291823;294830;294143;294153;294685;294155;294298;294921;295282;295459;295981;296628;297288;297459;297554;294675;293413;292600;291688
Powiat bielski;062013803000;65335;64986;64466;63977;62814;62320;61777;61395;61158;60808;60273;59764;59301;58922;58463;58971;58495;58057;57599;57144;56562;56075;55427;54863;54353;52658;51813;51151;50596
Powiat hajnowski;062013805000;55405;54757;54318;53804;51452;50910;50467;49944;49476;48956;48435;47830;47224;46787;46385;47173;46584;45984;45415;44957;44567;44146;43745;43143;42610;40678;40020;39427;38817
Powiat kolneński;062013806000;41684;41686;41532;41369;40489;40479;40406;40354;40182;40034;39809;39660;39387;39244;39053;40174;39990;39928;39555;39369;39162;38995;38748;38396;38057;36482;36143;35921;35702
Powiat łomżyński;062013807000;51799;51716;51583;51527;51211;50977;51012;51092;50929;50822;50880;50896;51013;50840;50919;52239;52181;52169;51860;51610;51439;51305;51084;51000;50943;50078;49911;49711;49608
Powiat siemiatycki;062013810000;52913;52697;52395;52156;51048;50865;50633;50310;49850;49180;48816;48474;47998;47617;47286;48223;47791;47358;46938;46479;46072;45538;45191;44689;44193;42337;41660;41114;40636
Powiat wysokomazowiecki;062013813000;63166;63011;62719;62519;60837;60593;60453;60389;60189;60201;59912;59600;59542;59413;59010;59730;59471;59154;58793;58519;58177;57903;57516;57248;56860;55033;54337;53842;53406
Powiat zambrowski;062013814000;46541;46527;46514;46573;45515;45485;45327;45188;45135;45077;44913;44871;44681;44540;44385;45191;45096;44917;44626;44455;44299;44143;44027;43816;43505;42188;41829;41550;41370
Powiat m. Łomża;062013862000;63338;63757;64244;64605;63608;63805;63958;63902;63757;63880;63819;63387;63036;63304;63357;63240;63070;62812;62711;62779;62737;62802;63092;63000;62945;61025;60468;60128;59711
Powiat augustowski;062013901000;60732;60932;60959;60849;59297;59308;59266;59166;59081;59062;58995;58975;58867;58872;58763;60098;59976;59873;59558;59374;59103;58905;58669;58367;58068;55927;55306;54917;54449
Powiat grajewski;062013904000;51767;51732;51771;51751;50977;50964;50929;50889;50739;50461;50261;49921;49663;49506;49393;49734;49446;49225;48916;48643;48357;48041;47781;47518;47210;45636;45180;44724;44222
Powiat moniecki;062013908000;46528;46350;46042;45831;44653;44499;44312;44177;43771;43389;43111;42836;42668;42571;42212;43019;42745;42385;42077;41817;41544;41254;41011;40712;40412;38636;38122;37732;37358
Powiat sejneński;062013909000;22218;22158;22148;22045;21762;21736;21701;21699;21586;21461;21452;21235;21170;21120;21013;21173;21039;20963;20891;20778;20606;20417;20270;20092;19914;19266;18992;18802;18645
Powiat suwalski;062013912000;35927;35934;36013;35892;35589;35425;35533;35535;35535;35361;35220;35248;35139;35144;35148;36222;36211;36024;35924;35929;35932;35929;35955;35792;35674;35081;34839;34778;34635
Powiat m. Suwałki;062013963000;66624;67254;67742;68331;68612;68889;68851;69031;69014;69113;69268;69246;69281;69554;69499;69245;69210;69404;69317;69316;69370;69626;69554;69827;69758;69273;68839;68525;68231
Powiat warszawski;071412831000;1635112;1628505;1624843;1618468;1677316;1672418;1671727;;;;;;;;;;;;;;;;;;;;;;
Powiat m. st. Warszawa;071412865000;;;;;;;;1688194;1689559;1692854;1697596;1702139;1706624;1709781;1714446;1700112;1708491;1715517;1724404;1735442;1744351;1753977;1764615;1777972;1790658;1861774;1863056;1861975;1861599
Powiat legionowski;071412908000;84950;85618;85983;86792;89375;90355;91213;92141;93109;94597;95742;97611;99390;101307;103039;106607;108368;109889;111049;112226;113242;114421;115384;116775;118585;127099;128837;130278;131847
Powiat miński;071412912000;147771;148514;149433;150420;153574;154411;155285;138639;139201;139636;140547;141306;142433;143427;144294;147140;148118;148929;149897;150889;151520;152268;152945;153824;154526;158639;158836;159034;159388
Powiat otwocki;071412917000;111218;111427;111605;111817;112926;113261;113587;114046;114255;114936;115568;116576;117555;118665;119607;120300;121191;121977;122342;122854;123120;123443;123770;124036;124352;126695;126449;126649;126779
Powiat wołomiński;071412934000;176527;177395;178674;180355;189718;191771;193452;195156;197129;199113;201222;203749;207155;210307;213714;218911;222492;225655;228830;231757;235043;238478;241890;245357;249299;267541;270560;273411;275871
Powiat grodziski;071413005000;70328;70624;70949;71460;72959;73343;74064;74747;75576;76695;77633;78843;79929;80763;81923;85361;86465;87519;88634;89663;90656;91647;92847;94091;95963;101623;103106;104434;105707
Powiat nowodworski;071413014000;74058;74201;74278;74280;74697;74946;74925;75350;75372;75554;75673;75783;76088;76294;76583;77739;78053;78321;78500;78693;78810;79024;79298;79291;79378;80054;79751;79719;79571
Powiat piaseczyński;071413018000;101305;101956;103860;105579;116844;118897;120999;123913;137283;140204;143344;147047;150800;154080;157392;163059;166189;168935;171589;174085;177007;179496;182076;184951;188281;206796;209443;212129;215088
Powiat pruszkowski;071413021000;131811;132629;133888;134809;139179;140321;141177;142018;143036;143934;145319;146207;147414;148619;150270;153930;155495;156807;158183;159515;160776;161645;162922;164240;165912;176326;177193;178037;179667
Powiat warszawski zachodni;071413032000;83769;84592;85566;86600;92792;93943;95019;96189;97243;98999;100269;101530;103108;104021;105185;106886;108264;109624;110984;111899;112957;114079;115466;117007;118613;129926;131550;133217;135216
Powiat ciechanowski;071422502000;93708;93846;93944;94080;91888;91916;91774;91824;91939;91666;91153;90832;90600;90538;90249;91691;91385;91243;90978;90703;90327;90264;89976;89670;89423;86977;86219;85627;85167
Powiat mławski;071422513000;75744;75749;75922;76091;74137;73965;73886;73785;73569;73539;73532;73294;72936;72758;72713;74945;74703;74420;74042;73887;73758;73700;73376;73102;72626;70471;69856;69521;69074
Powiat płoński;071422520000;91478;91380;91149;91060;88624;88681;88471;88271;88035;87795;87560;87497;87363;87199;87244;89380;89174;89025;88825;88583;88270;87903;87662;87409;87054;85427;84796;84387;84006
Powiat pułtuski;071422524000;51420;51621;51652;51747;51323;51240;51198;51253;51056;51110;51047;51030;51011;51019;50994;51280;51332;51391;51395;51436;51637;51746;51834;51809;51824;50881;50596;50557;50311
Powiat żuromiński;071422537000;42441;42349;42280;42213;41106;41062;41025;40866;40599;40428;40164;40075;39969;39748;39671;40609;40404;40300;40014;39866;39736;39586;39263;38944;38515;36776;36312;35882;35486
Powiat makowski;071422611000;50391;50388;50148;49867;47953;47680;47495;47286;46982;46756;46528;46449;46290;46221;46068;47287;47004;46836;46577;46365;46014;45825;45580;45247;44892;42956;42466;42109;41736
Powiat ostrołęcki;071422615000;83287;83539;83792;84154;82815;83111;83475;83684;83768;84011;84284;84434;83926;84246;84578;87510;87623;87830;88116;88413;88378;88791;88944;88735;88654;87559;87496;87503;87494
Powiat ostrowski;071422616000;79083;79053;79015;78933;76435;76421;76377;76321;76024;75474;75251;74966;74815;74756;74511;75743;75411;74998;74683;74348;73911;73562;73284;72782;72328;70109;69500;68881;68412
Powiat przasnyski;071422622000;55746;55629;55437;55415;53681;53654;53665;53562;53454;53311;53086;52910;52781;52676;52389;54180;53999;53791;53536;53439;53253;53014;52884;52824;52511;50354;49824;49408;49037
Powiat wyszkowski;071422635000;70717;71016;71400;71596;70910;71120;71246;71393;71454;71574;71534;71747;71968;72103;72307;73647;73742;73817;73914;73892;73951;73994;74020;74065;74220;73854;73707;73562;73441
Powiat m. Ostrołęka;071422661000;54162;54560;54981;55271;54008;54315;54156;54207;54194;54129;53831;53605;54109;53982;53837;53619;53443;53287;52917;52611;52571;52337;52215;52262;52055;49913;49275;48712;48229
Powiat białobrzeski;071422701000;34327;34346;34297;34291;33583;33654;33664;33752;33669;33569;33555;33578;33521;33600;33701;33937;33843;33760;33669;33599;33569;33523;33542;33551;33410;32926;32712;32614;32520
Powiat kozienicki;071422707000;66646;66692;66633;66509;62617;62483;62583;62462;62255;62042;61768;61576;61433;61326;61199;62679;62481;62275;62100;61722;61319;61045;60699;60472;59997;58313;57913;57523;57153
Powiat lipski;071422709000;41726;41572;41403;41064;39308;39034;38852;38434;37952;37472;36809;36610;36362;36275;36033;36478;36207;35892;35564;35309;35063;34843;34496;34214;33874;32572;32091;31839;31561
Powiat przysuski;071422723000;48031;47751;47667;47397;45246;45045;44964;44713;44365;44048;43927;43731;43468;43327;43064;43811;43501;43271;42980;42888;42571;42417;42116;41922;41455;39771;39290;39031;38621
Powiat radomski;071422725000;140261;141045;141630;142332;140965;141807;142282;142916;143586;144382;144882;145389;145947;146481;147212;149615;150018;150668;151085;151321;151461;151630;151955;152117;152291;151601;151211;151202;151331
Powiat szydłowiecki;071422730000;45526;45649;45658;45667;43862;41246;41175;41181;41073;40221;40201;40073;39996;40016;39912;40846;40784;40638;40430;40339;40241;40075;39938;39864;39672;38334;38010;37791;37500
Powiat zwoleński;071422736000;38984;38855;38780;38620;37763;37665;37683;37674;37524;37334;37274;37133;37015;36922;36796;37369;37164;37069;36967;36919;36761;36693;36606;36328;36166;35079;34732;34535;34288
Powiat m. Radom;071422763000;232649;232823;232636;232262;230704;230492;229987;229081;228290;227613;227018;225810;224857;224226;223397;221658;220602;219703;218466;217201;216159;215020;214566;213029;211371;202259;199904;197848;196005
Powiat gostyniński;071427004000;49453;49411;49436;49488;47743;47904;47869;47794;47526;47309;47141;47052;46989;46783;46766;47075;46828;46627;46517;46221;45992;45682;45461;45203;44899;43501;43070;42633;42238
Powiat płocki;071427019000;109393;109398;106871;106799;104792;104927;105095;105194;105493;105855;106280;106621;106769;107079;107471;110157;110415;110890;111047;111149;111038;111170;111226;111088;110952;110155;109771;109735;109531
Powiat sierpecki;071427027000;56654;56616;56428;56222;54585;54626;54505;54587;54345;54172;53972;53756;53498;53371;53028;53908;53783;53540;53326;53259;52980;52721;52559;52196;51954;49607;49078;48639;48259
Powiat m. Płock;071427062000;127174;127670;130596;131011;128654;128580;128359;128208;128145;127841;127461;127224;126968;126709;126542;124691;124318;123627;122815;122224;121731;121295;120787;120000;119425;114974;113660;112483;111190
Powiat garwoliński;071427103000;107935;108108;107999;108139;105769;106214;106400;106506;106272;106442;106310;106265;106423;106745;106927;108446;108528;108592;108562;108654;108740;108843;108981;108993;108981;106364;105960;105620;105510
Powiat łosicki;071427110000;35745;35606;35449;35350;34026;33751;33628;33417;33201;32981;32856;32574;32443;32263;32072;32743;32581;32308;32101;31973;31775;31544;31335;31023;30774;29736;29345;28941;28628
Powiat siedlecki;071427126000;81809;81910;82020;81848;80806;80790;80893;80954;80821;80744;80572;80516;80582;80549;80509;81796;81811;81924;81792;81590;81403;81580;81402;81352;81362;80690;80469;80492;80441
Powiat sokołowski;071427129000;61881;61691;61454;61208;59055;58800;58611;58309;58060;57520;57089;56766;56414;56168;55832;57018;56610;56264;55812;55424;55152;54874;54604;54217;53804;51725;51093;50618;50064
Powiat węgrowski;071427133000;72077;71983;71615;71355;69261;69167;69073;68832;68463;68272;68029;67679;67411;67313;67080;68340;68020;67830;67596;67360;67005;66825;66508;66174;65822;63343;62655;62271;61908
Powiat m. Siedlce;071427164000;74575;74996;75342;75613;76056;76454;76607;76686;76913;77017;77056;77051;76939;77185;77319;76303;76480;76393;76347;76603;76942;77020;77653;77872;78185;76471;76005;75623;75297
Powiat grójecki;071427306000;109084;108990;108906;108967;107437;107195;106920;106844;96617;96597;96506;96564;96578;96808;96957;98576;98599;98643;98709;98670;98619;98559;98701;98451;98311;98305;97728;97395;97029
Powiat sochaczewski;071427328000;84671;84858;84866;84911;83316;83383;83459;83454;83476;83473;83447;83485;83694;83703;83928;85181;85095;85162;85155;85100;85167;85175;85175;85105;85045;83999;83655;83333;83174
Powiat żyrardowski;071427338000;76464;76488;76465;76538;74844;74962;74856;74780;74849;74778;74693;74619;74917;75136;75408;76509;76590;76573;76391;76420;76138;76164;76056;75848;75749;76141;75614;75414;75153
