Jednostka terytorialna;Kod;2002;2003;2004;2005;2006;2007;2008;2009;2010;2011;2012;2013;2014;2015;2016;2017;2018;2019;2020;2021;2022;2023;2024
Powiat bocheński;011212001000;6733;7086;6926;6852;6452;6716;6964;7302;7821;7942;8199;8400;8527;8617;8716;8895;9239;9724;10140;10608;11032;11472;11881
Powiat krakowski;011212006000;18771;19419;19630;19805;20058;20521;21385;22781;24640;25192;26405;27237;28069;28740;29358;30334;31845;33689;35421;37498;39478;41427;43235
Powiat miechowski;011212008000;3341;3535;3609;3581;3713;3821;4026;4059;4209;4125;4218;4295;4367;4390;4427;4468;4607;4716;4880;4984;5091;5179;5292
Powiat myślenicki;011212009000;8222;8561;8687;8836;9177;9664;10021;10310;11080;11141;11419;11678;11948;12108;12314;12689;13257;14026;14546;15114;15588;16197;16742
Powiat proszowicki;011212014000;2479;2606;2632;2639;2682;2725;2817;2846;3022;3024;3162;3304;3325;3402;3458;3544;3737;3885;3991;4240;4398;4561;4742
Powiat wielicki;011212019000;8300;8742;8911;9109;9253;9551;10069;10554;11416;11744;12387;12891;13318;13736;14060;14597;15305;16201;17093;18120;19293;20267;21248
Powiat m. Kraków;011212161000;99133;102427;104051;104292;104426;104349;105610;110170;115687;116153;121208;124501;126547;130233;134514;138515;140500;146919;152837;160013;168231;176924;185556
Powiat gorlicki;011212205000;5910;6031;5762;5814;5824;6082;6364;6705;7120;7338;7521;7722;7727;7818;7842;7837;8084;8485;8759;9002;9136;9293;9491
Powiat limanowski;011212207000;6166;6331;6167;6326;6594;6902;7391;7976;8631;8622;8787;8948;9341;9621;9880;10054;10615;11193;11888;12480;12874;13211;13679
Powiat nowosądecki;011212210000;9426;9755;9420;9733;10303;10852;11674;12549;13352;13621;14179;14643;15029;15426;15721;16058;17034;18025;19026;20026;20607;21168;21827
Powiat m. Nowy Sącz;011212262000;7855;7913;7906;7989;7974;8108;8456;8934;9366;9293;9454;9511;9556;9682;9750;9863;9874;10143;10492;10790;11057;11250;11475
Powiat chrzanowski;011212303000;10256;10527;10684;10757;10780;10783;10882;11074;11605;11381;11566;11712;11774;11693;11732;11862;12070;12439;12743;13150;13444;13718;14094
Powiat olkuski;011212312000;11159;11432;11713;11695;11572;11652;11658;11662;12079;11611;11810;11821;11777;11798;11750;11821;12031;12338;12625;12881;13154;13366;13724
Powiat oświęcimski;011212313000;11856;12069;12548;12717;12687;12793;12949;13187;13950;13649;14003;14139;14147;14185;14132;14227;14548;14969;15344;15676;15993;16391;16754
Powiat wadowicki;011212318000;14314;14725;14865;14738;14849;14967;15210;15382;15809;15637;15910;16001;16139;16206;16326;16496;16975;17612;18128;18709;19052;19403;19882
Powiat brzeski;011212402000;5546;5840;5593;5441;4860;4983;5211;5433;5757;5796;6032;6231;6381;6485;6590;6857;7277;7809;8208;8636;9003;9353;9672
Powiat dąbrowski;011212404000;2568;2691;2562;2501;2392;2424;2559;2737;2929;2932;3009;3048;3120;3164;3217;3339;3585;3778;3931;4085;4185;4380;4503
Powiat tarnowski;011212416000;8513;9363;8974;8975;8303;8490;8946;9548;10359;10484;11026;11456;11725;12013;12259;12575;13284;14249;14901;15722;16473;17134;17764
Powiat m. Tarnów;011212463000;10833;11075;10879;10731;10016;10079;10158;10666;11067;10851;11140;11213;11185;11400;11442;11549;11686;12013;12326;12644;12847;13059;13250
Powiat nowotarski;011216911000;12018;12266;11930;11853;12137;12620;12937;13447;14170;14094;14564;14810;15185;15407;15575;16063;16930;17802;18674;19607;20347;21066;21725
Powiat suski;011216915000;6939;7231;7159;7086;7018;7078;7245;7292;7599;7497;7635;7677;7757;7812;7947;8061;8320;8627;8872;9205;9465;9660;9858
Powiat tatrzański;011216917000;7842;8191;8165;8242;8298;8685;9041;9403;9695;9468;9741;9836;9841;9947;10097;10316;10736;11207;11481;11959;12286;12627;12916
Powiat bielski;012414402000;13727;14123;13803;13748;13823;14052;14342;14748;15706;15771;16172;16475;16794;16964;17008;17243;17621;18256;18802;19642;20290;20901;21451
Powiat cieszyński;012414403000;17740;17782;17547;17201;17203;17283;17439;17732;18718;18503;19040;19262;19412;19534;19547;19457;19586;20080;20649;21400;21879;22438;22859
Powiat żywiecki;012414417000;11851;12021;11995;11970;12117;12373;12654;12855;13490;12996;13296;13536;13676;13813;13919;14038;14478;15146;15660;16403;16974;17413;17919
Powiat m. Bielsko-Biała;012414461000;24852;24517;23977;23575;23365;23368;23476;23979;24937;24626;25163;25513;25612;25902;26107;26242;26041;26349;27075;27799;28220;28846;29661
Powiat lubliniecki;012414507000;5462;5480;5491;5547;5514;5541;5680;5518;5855;5715;5940;6095;6157;6293;6344;6478;6652;6949;7155;7385;7650;7802;8000
Powiat tarnogórski;012414513000;12074;12422;12663;12496;12544;12856;13096;13257;14101;13981;14344;14661;14945;15251;15431;15630;15902;16366;16899;17599;18129;18521;19003
Powiat m. Bytom;012414562000;15255;15569;16129;15978;15947;16116;16288;16094;16590;16194;16326;16496;16524;16578;16500;16483;16424;16500;16764;17056;17385;17670;17980
Powiat m. Piekary Śląskie;012414571000;3437;3396;3472;3483;3701;3691;3727;3808;4067;4052;4189;4315;4354;4327;4327;4341;4408;4513;4617;4687;4750;4790;4888
Powiat częstochowski;012414604000;8617;8814;8351;8297;8362;8616;8912;9278;9979;9881;10048;10312;10481;10571;10810;10878;11197;11621;12075;12686;13017;13319;13715
Powiat kłobucki;012414606000;6144;6194;5869;5808;5814;5971;6071;6177;6535;6587;6853;7010;7082;7158;7259;7396;7751;8182;8437;8711;8939;9122;9352
Powiat myszkowski;012414609000;7323;7394;7272;6970;6812;6831;6819;6793;7210;7044;7215;7296;7293;7280;7274;7288;7353;7426;7631;7837;8003;8240;8407
Powiat m. Częstochowa;012414664000;26993;26536;25978;25346;24853;24851;25507;25824;26725;26201;26658;26824;26667;26744;26671;26707;26314;26626;27081;27797;28006;28339;28713
Powiat gliwicki;012414705000;6919;6990;7179;7155;7326;7531;7743;7892;8374;8471;8738;8936;9084;9348;9400;9532;9726;10097;10479;10803;11084;11354;11782
Powiat m. Gliwice;012414766000;20167;20199;20996;20936;21037;21458;21687;22317;23255;23166;23716;24021;23994;24065;24168;24215;24001;24243;24746;25375;25892;26559;27208
Powiat m. Zabrze;012414778000;13274;14118;14735;14994;15113;15338;15552;15814;16407;16176;16478;16581;16494;16498;16478;16562;16548;16966;17269;17650;17929;18213;18423
Powiat m. Chorzów;012414863000;9822;10162;10827;10803;10887;10965;11072;11213;11602;11106;11201;11219;11220;11347;11284;11297;11324;11462;11683;11967;12246;12454;12744
Powiat m. Katowice;012414869000;41092;41578;42084;42646;42909;42769;40439;40951;42819;42555;44050;45073;45559;46547;47342;48136;47423;48460;49752;51611;53421;55136;56754
Powiat m. Mysłowice;012414870000;6488;6653;6774;6856;7004;7057;7042;6931;7317;6773;6903;7038;7102;7176;7155;7209;7232;7525;7703;7941;8158;8359;8439
Powiat m. Ruda Śląska;012414872000;8956;9030;9468;9313;9312;9416;9536;9629;10117;9579;9786;9859;9723;9745;9817;9903;10109;10453;10773;11110;11397;11618;11814
Powiat m. Siemianowice Śląskie;012414874000;5955;6093;6368;6535;6544;6293;6220;6281;6598;6345;6415;6491;6446;6433;6340;6210;6225;6336;6502;6657;6782;6865;7001
Powiat m. Świętochłowice;012414876000;3576;3551;3652;3740;3768;3764;3779;3846;4016;3890;3878;3916;3863;3870;3864;3913;3933;4059;4172;4299;4374;4407;4467
Powiat raciborski;012414911000;7377;7474;7600;7533;7585;7676;7784;7842;8232;8282;8483;8618;8635;8550;8475;8482;8470;8545;8780;9058;9260;9469;9667
Powiat rybnicki;012414912000;4603;4694;4832;4711;4714;4730;4850;4793;5086;5100;5206;5268;5319;5376;5444;5502;5628;5851;5988;6199;6405;6566;6669
Powiat wodzisławski;012414915000;9749;9772;10152;10128;10227;10179;10187;10120;10688;10597;10818;10952;11114;11226;11184;11160;11209;11367;11668;12065;12393;12677;13025
Powiat m. Jastrzębie-Zdrój;012414967000;5867;5857;6165;6034;5897;5802;5894;5751;5939;5893;5947;5975;5899;5934;5892;5836;5867;5967;6098;6323;6434;6548;6681
Powiat m. Rybnik;012414973000;12508;12882;13218;13121;13034;12987;13014;12550;13360;13173;13375;13604;13628;13735;13790;13857;14006;14155;14522;14947;15202;15411;15696
Powiat m. Żory;012414979000;4871;5066;5138;5075;4993;4943;4987;5018;5223;5230;5314;5361;5404;5487;5539;5578;5722;5911;6073;6387;6583;6789;7007
Powiat będziński;012415001000;14807;15347;15668;15582;15570;15466;15614;15196;16021;15328;15705;15950;15933;15940;15846;15970;16084;16428;16893;17321;17739;18255;18532
Powiat zawierciański;012415016000;9577;10045;10223;10297;10277;10313;10209;10259;10742;10573;10833;10961;10973;10992;10891;10820;10878;11125;11407;11728;11909;12027;12316
Powiat m. Dąbrowa Górnicza;012415065000;12584;12483;12449;12261;11958;11884;11877;12204;12822;11910;12140;12402;12389;12430;12353;12447;12409;12603;12853;13156;13352;13489;13767
Powiat m. Jaworzno;012415068000;7011;7447;7752;7681;7666;7614;7674;7475;7837;7740;8017;8130;8180;8337;8333;8476;8575;8870;9111;9379;9598;9836;10041
Powiat m. Sosnowiec;012415075000;24952;25505;25903;25356;24459;24365;24253;23484;24369;23449;23776;23806;23329;23249;23029;22838;22755;21916;22294;22744;23029;23394;23746
Powiat mikołowski;012415108000;7637;7707;7886;7799;7803;7940;8052;8007;8550;8529;8826;9087;9191;9370;9503;9700;10048;10443;10785;11279;11745;12137;12541
Powiat pszczyński;012415110000;9574;9743;9664;9648;9651;9721;9828;10047;10725;10603;10810;11027;11111;11205;11278;11443;11662;12106;12401;12803;13140;13360;13687
Powiat bieruńsko-lędziński;012415114000;4016;4083;4234;4238;4299;4289;4305;3913;4205;4115;4230;4363;4525;4591;4634;4728;4912;5096;5289;5520;5698;5793;5977
Powiat m. Tychy;012415177000;13088;13304;13659;13405;13411;13364;13311;12982;13418;13286;13607;13917;13821;13913;13854;13932;14025;13759;14196;14514;14847;15077;15298
Powiat gorzowski;020811301000;5100;5143;5262;5556;5966;6309;6044;6336;6767;6920;7174;7389;7414;7561;7637;7793;8053;8401;8824;9248;9533;9925;10335
Powiat międzyrzecki;020811303000;5444;5485;5697;5965;6296;6366;5946;5722;5999;5817;5948;6018;6025;5999;6013;6051;5935;6043;6168;6290;6445;6544;6665
Powiat słubicki;020811305000;4971;5029;5267;5509;5788;5809;5524;5547;5668;5434;5496;5505;5567;5632;5655;5699;5732;5971;6173;6369;6481;6650;6831
Powiat strzelecko-drezdenecki;020811306000;3349;3434;3622;3884;4200;4374;4138;4167;4494;4417;4476;4578;4564;4571;4602;4687;4824;5003;5154;5461;5599;5728;5830
Powiat sulęciński;020811307000;2466;2458;2552;2692;2808;2910;2498;2632;2771;2784;2879;2950;2949;2957;2911;2905;2971;3059;3147;3272;3273;3296;3308
Powiat m. Gorzów Wielkopolski;020811361000;16174;16134;16406;16963;17482;17650;17585;17660;18228;17753;17950;18015;17830;17830;17808;17949;17552;17768;18121;18436;18499;18774;19221
Powiat krośnieński;020811402000;5386;5595;5768;5922;6058;5836;5447;5220;5481;5353;5472;5564;5522;5555;5577;5633;5704;5900;6088;6312;6485;6570;6702
Powiat nowosolski;020811404000;6558;6537;6371;6397;6462;6481;6442;6536;6876;6722;6904;7071;7185;7349;7437;7515;7650;8074;8375;8602;8794;9082;9419
Powiat świebodziński;020811408000;5535;5749;5955;6192;6483;6503;5619;5415;5661;5413;5517;5655;5670;5698;5687;5686;5678;5866;6003;6193;6350;6566;6746
Powiat zielonogórski;020811409000;7123;7187;7015;7197;7515;7527;7285;7546;8100;8271;8676;9044;9146;6784;6889;7036;7226;7698;8028;8387;8719;8985;9301
Powiat żagański;020811410000;6564;6908;7396;7612;7760;7809;7499;7079;7301;7154;7326;7425;7403;7410;7358;7389;7468;7704;7881;8064;8204;8408;8578
Powiat żarski;020811411000;9058;9638;9725;9972;10279;10329;9179;9006;9440;9111;9319;9476;9433;9500;9508;9527;9550;9872;10166;10415;10579;10786;11056
Powiat wschowski;020811412000;2767;2846;2959;2990;3037;3050;3049;3096;3283;3281;3345;3425;3462;3493;3536;3659;3767;3890;3973;4090;4171;4228;4305
Powiat m. Zielona Góra;020811462000;15136;15170;15036;15219;15425;15497;15606;15444;16042;16000;17207;17725;17914;20933;21138;21381;21167;21923;22738;23592;24326;25175;26118
Powiat jarociński;023015706000;4834;4983;4960;5089;5075;5196;5409;5406;5720;5658;5912;6082;6134;6212;6277;6322;6514;6817;7049;7303;7517;7789;8048
Powiat kaliski;023015707000;4775;4938;4514;4576;4677;4795;4984;5155;5496;5641;5890;6122;6300;6482;6619;6733;6983;7253;7594;8029;8344;8613;8875
Powiat kępiński;023015708000;4311;4567;4654;4716;4807;4990;5175;5182;5446;5462;5604;5630;5749;5834;5909;6039;6267;6543;6799;7012;7128;7257;7411
Powiat krotoszyński;023015712000;5885;6000;5736;5764;5980;6005;6067;6008;6267;6090;6189;6381;6450;6611;6674;6818;6977;7214;7440;7673;7916;8093;8270
Powiat ostrowski;023015717000;13867;14525;14535;14409;14441;14387;14672;14640;15318;15145;15464;15829;16021;16176;16298;16527;17081;17735;18313;18956;19422;19900;20510
Powiat ostrzeszowski;023015718000;4433;4572;4380;4226;4322;4267;4432;4559;4842;4818;5055;5174;5319;5388;5456;5603;5786;6040;6275;6583;6705;6866;7031
Powiat pleszewski;023015720000;4556;4637;4545;4716;4906;5012;5092;4987;5318;5257;5489;5601;5693;5723;5762;5775;5891;6089;6284;6514;6608;6848;7028
Powiat m. Kalisz;023015761000;12174;12153;11762;11620;11421;11303;11398;11502;11941;11545;11784;11834;11872;11751;11645;11668;11537;11796;12035;12209;12403;12573;12795
Powiat gnieźnieński;023015803000;12809;13406;13621;13946;14154;14468;14909;14453;14980;14968;15055;15293;15421;15549;15483;15566;15785;16231;16671;17104;17333;17654;17857
Powiat kolski;023015809000;5672;5988;6053;6379;6607;6656;6792;6493;6723;6602;6749;6834;6839;6827;6834;6844;6934;7100;7270;7442;7504;7634;7770
Powiat koniński;023015810000;5805;6146;6006;6311;6751;7139;7653;7687;8241;8434;8825;9132;9459;9640;9953;10420;11145;11926;12527;13210;13794;14284;14755
Powiat słupecki;023015823000;4326;4560;4537;4779;4922;5012;5153;4460;4678;4664;4861;5007;5125;5273;5346;5475;5646;5885;6137;6422;6592;6809;7046
Powiat turecki;023015827000;4790;4914;4725;4796;4944;5137;5328;5178;5482;5593;5751;5943;6009;6158;6256;6472;6834;7259;7602;7869;8196;8342;8534
Powiat wrzesiński;023015830000;7318;7631;7690;7817;7727;7846;8002;7491;7913;7822;8049;8192;8309;8467;8517;8553;8703;9059;9355;9638;9900;10164;10459
Powiat m. Konin;023015862000;7843;8067;7972;8192;8237;8259;8353;8032;8358;8115;8327;8324;8267;8166;8146;8263;8174;8417;8633;8802;8848;9013;9139
Powiat gostyński;023015904000;5681;5884;5807;6035;6153;6233;6421;6395;6757;6748;6913;7074;7085;7236;7315;7392;7623;7960;8164;8374;8526;8672;8845
Powiat grodziski;023015905000;4067;4282;4224;4240;4344;4454;4540;4370;4467;4466;4612;4734;4841;4855;4951;5046;5213;5382;5545;5696;5832;5984;6169
Powiat kościański;023015911000;7440;7604;7489;7576;7738;7813;7881;7593;7725;7592;7643;7788;7840;7844;7905;7981;8153;8380;8609;8860;9041;9218;9437
Powiat leszczyński;023015913000;4443;4618;4501;4599;4776;4922;5172;4964;5081;5118;5245;5477;5549;5712;5850;6026;6224;6562;6922;7253;7564;7866;8202
Powiat międzychodzki;023015914000;3037;3170;3194;3191;3275;3343;3332;3264;3390;3396;3477;3505;3521;3575;3587;3569;3617;3753;3880;3995;4072;4188;4332
Powiat nowotomyski;023015915000;6421;6756;6921;7143;7329;7548;7754;7285;7557;7513;7736;7979;8030;8171;8260;8341;8552;8857;9002;9264;9476;9677;9941
Powiat rawicki;023015922000;4503;4685;4522;4479;4571;4615;4697;4738;4803;4829;4955;5069;5070;5168;5268;5418;5517;5699;5900;6082;6172;6336;6532
Powiat wolsztyński;023015929000;5166;5398;5405;5535;5720;5882;6058;5962;6086;6127;6297;6378;6460;6547;6637;6705;6827;7011;7239;7429;7612;7729;7885
Powiat m. Leszno;023015963000;8284;8484;8555;8525;8509;8583;8733;8752;8806;8697;8882;8988;8965;9015;8989;9036;8892;9061;9285;9453;9483;9644;9880
Powiat chodzieski;023016001000;4205;4141;3984;4021;4031;4054;3987;3944;4195;4046;4183;4226;4295;4335;4402;4485;4526;4729;4814;4942;5003;5052;5166
Powiat czarnkowsko-trzcianecki;023016002000;6250;6354;6259;6314;6473;6558;6492;6272;6656;6547;6843;7087;7141;7205;7246;7253;7386;7663;7958;8122;8246;8317;8536
Powiat pilski;023016019000;12131;12130;11840;11816;11815;11747;11937;11853;12415;12341;12443;12728;12828;12845;12857;12893;13171;13357;13728;14070;14439;14779;15049
Powiat wągrowiecki;023016028000;5916;5996;5739;5851;5907;5989;6012;5724;5969;5789;5890;6061;6057;6210;6227;6307;6456;6653;6857;7052;7206;7365;7595
Powiat złotowski;023016031000;4052;4049;3904;3968;4198;4210;4243;4291;4565;4502;4743;4993;5059;5154;5196;5253;5388;5625;5822;6025;6165;6318;6525
Powiat obornicki;023016116000;5547;5700;5743;5859;5850;5903;6038;5812;5997;5977;6127;6182;6253;6329;6306;6414;6612;6892;7029;7226;7346;7418;7508
Powiat poznański;023016121000;31500;33371;34207;35549;37501;39597;41894;43868;47195;48478;50810;52951;54930;55917;57226;59130;61776;65028;68153;71502;74894;77739;81065
Powiat szamotulski;023016124000;7440;7760;7871;8029;8138;7839;7822;7658;8127;8138;8370;8569;8552;8651;8701;8852;9124;9515;9804;10023;10259;10553;10830
Powiat średzki;023016125000;4948;5149;5119;5160;5285;5443;5553;4652;4895;4962;5152;5366;5491;5546;5628;5756;5914;6254;6520;6782;6960;7181;7461
Powiat śremski;023016126000;5550;5667;5475;5365;5461;5587;5811;5772;5981;5983;6139;6239;6368;6472;6541;6611;6760;7047;7259;7519;7661;7820;7972
Powiat m. Poznań;023016264000;83813;87288;88056;90666;89624;91444;93250;94948;98092;99420;102513;105083;107117;108821;110531;112548;111670;115423;118751;123009;126993;130621;134375
Powiat białogardzki;023216301000;4131;4340;4494;4651;4736;4799;4913;4853;5021;4805;4897;4964;4879;4842;4814;4857;4945;5058;5159;5201;5210;5308;5344
Powiat kołobrzeski;023216308000;12054;12720;13007;13414;13571;13520;13675;13542;13551;12987;12802;12834;12703;12667;12720;12852;12999;13373;13598;14046;14399;14845;15224
Powiat koszaliński;023216309000;5716;6117;6201;6339;6502;6616;6827;6905;6962;6834;6922;7062;7171;7275;7337;7489;7770;8142;8460;8762;9050;9032;9288
Powiat sławieński;023216313000;5278;5529;5555;5803;5871;5956;6072;6061;6298;5963;5853;5908;5903;5873;5895;5908;5992;6218;6451;6735;6901;7125;7268
Powiat m. Koszalin;023216361000;17368;17936;18358;18639;18392;18400;18455;18542;18815;18147;18373;18308;18266;18303;18167;18084;17752;17553;17915;18219;18502;19148;19230
Powiat choszczeński;023216402000;3425;3408;3373;3447;3610;3725;3853;3986;4135;3998;4077;4145;4104;4089;4081;4087;4149;4305;4443;4524;4575;4544;4594
Powiat drawski;023216403000;5365;5596;5636;5844;5922;5924;5945;5798;5994;5855;5977;5933;5878;5850;5834;5923;5941;6129;6283;6427;6519;6621;6768
Powiat myśliborski;023216410000;5613;5754;5678;5792;6012;6152;6256;6490;6708;6631;6788;6864;6878;6883;6825;6858;6965;7073;7261;7459;7569;7728;7901
Powiat pyrzycki;023216412000;2955;3000;3024;3156;3451;3544;3735;3750;3759;3557;3573;3632;3709;3715;3736;3744;3845;3975;4097;4146;4308;4396;4478
Powiat szczecinecki;023216415000;7089;7440;7607;7924;8098;8061;8162;8184;8471;8135;7988;7903;7914;7967;7921;7957;7879;8038;8222;8422;8587;8717;8815
Powiat świdwiński;023216416000;3936;4056;4118;4220;4287;4312;4393;4450;4581;4434;4412;4512;4479;4456;4417;4499;4505;4630;4753;4927;5006;5115;5164
Powiat wałecki;023216417000;5646;5887;5830;6039;6080;5889;5822;5900;6035;5651;5683;5735;5747;5756;5632;5613;5614;5679;5817;5904;5960;6003;6057
Powiat łobeski;023216418000;2738;2816;2806;2903;3006;3067;3159;3223;3353;3240;3291;3335;3333;3347;3303;3259;3300;3397;3475;3519;3588;3629;3723
Powiat m. Szczecin;023216562000;62516;63338;63641;65133;64593;64394;64098;64373;65761;65134;66106;67292;67316;67989;68839;69769;69055;69163;70775;72256;74100;75453;76919
Powiat goleniowski;023216604000;7130;7319;7373;7577;7938;8087;8234;8497;8758;8476;8619;8755;8814;8865;8934;9121;9275;9577;9895;10228;10456;10703;11028
Powiat gryficki;023216605000;6860;7163;7059;7151;7325;7377;7604;7658;7948;7435;7570;7683;7644;7708;7703;7708;7861;8031;8219;8484;8667;8910;9048
Powiat gryfiński;023216606000;7370;7565;7454;7571;7827;7930;8050;8231;8491;8214;8349;8553;8496;8553;8499;8567;8618;8963;9163;9478;9580;9678;9799
Powiat kamieński;023216607000;6083;6347;6416;6472;6607;6807;6907;7054;7212;6930;6998;7116;7046;7070;7084;7130;7267;7500;7778;7906;8008;8162;8345
Powiat policki;023216611000;6618;6806;6946;7219;7672;7963;8282;8699;9310;9481;9816;10096;10373;10698;10941;11187;11617;12088;12560;13054;13599;14069;14617
Powiat stargardzki;023216614000;10915;10913;10737;10916;11292;11447;11769;11988;12251;12005;12294;12407;12261;12294;12193;12285;12387;12812;13208;13573;13932;14201;14597
Powiat m. Świnoujście;023216663000;6476;6576;6643;6566;6686;6780;6913;6895;6990;6672;6657;6542;6492;6415;6293;6233;6217;6511;6599;6683;6752;6800;6874
Powiat bolesławiecki;030210101000;6140;6334;6815;6983;6557;6752;6970;7178;7585;7445;7734;8013;8193;8338;8424;8534;8731;9191;9529;9788;10166;10482;10792
Powiat jaworski;030210105000;4414;4597;4403;4344;4395;4481;4676;4799;4989;4776;4823;4862;4822;5128;5144;5227;5306;5377;5429;5521;5627;5686;5796
Powiat karkonoski;030210106000;6561;6786;7002;7195;7346;7485;7880;8067;8364;8072;8334;11149;11065;11226;11111;11290;11408;11583;11835;11981;12140;12326;12472
Powiat kamiennogórski;030210107000;3208;3592;3585;3585;3662;3750;3981;4058;4358;4282;4401;4443;4367;4326;4332;4384;4417;4534;4691;4798;4857;4917;4982
Powiat lubański;030210110000;4556;4608;4598;4726;4973;5209;5399;5473;5654;5561;5690;5697;5772;5842;5852;5913;5967;6135;6344;6542;6757;6919;7112
Powiat lwówecki;030210112000;3061;3134;3045;3044;3104;3244;3472;3571;3766;3767;3866;3984;4050;4152;4211;4393;4552;4691;4871;5060;5191;5290;5422
Powiat zgorzelecki;030210125000;7475;7990;7914;7954;7940;8017;8290;8308;8674;8541;8644;8824;8913;8920;8820;8789;8787;8713;8947;9284;9452;9548;9792
Powiat złotoryjski;030210126000;3873;3965;3857;3868;3882;3968;4095;4231;4471;4395;4496;4590;4627;4689;4703;4795;4859;4962;5150;5315;5491;5627;5782
Powiat m. Jelenia Góra;030210161000;11732;11825;12189;12666;11775;11842;12011;12220;12590;12355;12619;12749;12585;12649;12692;12651;12353;12658;12985;13135;13416;13632;13782
Powiat głogowski;030210203000;8090;8133;8010;8003;7998;8139;8207;8166;8471;8211;8311;8276;8254;8262;8186;8192;8187;8336;8488;8651;8727;8856;8978
Powiat górowski;030210204000;2215;2316;2312;2291;2340;2424;2596;2715;2771;2633;2721;2788;2742;2831;2863;2898;2965;3112;3215;3359;3441;3553;3648
Powiat legnicki;030210209000;3905;4048;3872;3808;3894;4058;4192;4305;4532;4507;4627;4770;4803;4917;5056;5204;5313;5513;5670;5896;6077;6255;6491
Powiat lubiński;030210211000;9834;10129;9851;9575;9417;9393;9478;9565;9897;9669;9907;9978;9986;10070;10120;10154;10380;10242;10520;10778;11090;11308;11658
Powiat polkowicki;030210216000;4088;4258;4183;4137;4024;4194;4243;4396;4543;4419;4495;4551;4603;4656;4687;4814;4821;4909;5021;5170;5288;5372;5492
Powiat m. Legnica;030210262000;12253;12532;12251;12561;12589;12737;12961;13111;13549;12970;13297;13531;13513;13714;13575;13558;13465;13839;14135;14410;14599;14898;15106
Powiat dzierżoniowski;030210302000;9998;10412;10395;10246;10433;10626;10861;9558;10423;10395;10426;10516;10595;10596;10497;10621;10667;10994;11282;11545;11852;12091;12320
Powiat kłodzki;030210308000;17507;18426;18699;18576;18790;18996;19187;16994;17676;17322;17557;17638;17660;17678;17604;17746;17944;18303;18651;19041;19468;19793;20118
Powiat świdnicki;030210319000;15841;16622;16591;16692;17042;17318;17675;17061;17758;17670;17934;18162;18181;18372;18381;18579;18699;19062;19491;19990;20545;20942;21317
Powiat wałbrzyski;030210321000;5583;20724;20396;20328;20513;20551;20667;19687;20404;19828;20182;6259;6238;6267;6294;6533;6509;6542;6660;6838;7064;7230;7359
Powiat ząbkowicki;030210324000;5878;6087;6121;5836;6007;6065;6403;6051;6309;6166;6251;6729;6759;6811;6850;6943;6975;7096;7234;7410;7524;7569;7697
Powiat m. Wałbrzych do 2002;030210363000;14193;;;;;;;;;;;;;;;;;;;;;;
Powiat m. Wałbrzych od 2013;030210365000;;;;;;;;;;;;14137;14087;13995;13888;13843;13531;13751;13905;14098;14293;14272;14311
Powiat milicki;030210413000;3021;3155;3102;2903;2819;2888;2975;3017;3193;3235;3343;3368;3487;3566;3593;3638;3770;3852;4097;4287;4415;4576;4665
Powiat oleśnicki;030210414000;7882;8252;8203;8194;8237;8498;8860;9085;9541;9418;9622;9825;9950;10010;10107;10267;10600;11079;11596;12049;12474;12845;13356
Powiat oławski;030210415000;6274;6702;6563;6384;6307;6486;6752;6828;7155;7104;7244;7368;7406;7516;7639;7809;8031;8286;8636;9067;9493;9843;10254
Powiat strzeliński;030210417000;2832;2995;2936;2898;2965;3102;3360;3466;3641;3643;3674;3775;3800;3833;3817;3857;3949;4102;4225;4323;4406;4521;4636
Powiat średzki;030210418000;3837;4029;4042;3996;4108;4308;4532;4685;4944;4810;4961;5135;5198;5316;5368;5454;5657;5996;6297;6606;6935;7211;7667
Powiat trzebnicki;030210420000;6385;6755;6711;6580;6574;6921;7403;7718;8260;8101;8399;8647;8650;8885;8944;9136;9646;10173;10599;11100;11518;11990;12476
Powiat wołowski;030210422000;3454;3657;3625;3522;3401;3415;3519;3634;3837;3736;3847;3919;3954;3973;4011;4106;4179;4310;4456;4590;4697;4757;4850
Powiat wrocławski;030210423000;7926;8547;8738;8673;9004;9660;10473;11269;12489;13308;14413;15529;16517;17327;18098;19280;20942;22820;24571;26547;28584;30551;32503
Powiat m. Wrocław;030210564000;93053;95278;94465;93047;92954;93781;95602;97595;101403;101286;105110;108349;110344;113237;116440;120203;122684;122731;127516;133806;141611;148559;154931
Powiat brzeski;031613101000;8345;8609;8691;8847;9044;9330;9677;9760;10106;9882;9967;10106;10062;10082;10011;10047;10147;10295;10524;10759;10957;11134;11280
Powiat głubczycki;031613102000;3711;3824;3739;3757;3770;3811;3917;3932;4091;3963;4022;4012;4007;4033;4046;4061;4103;4203;4292;4330;4365;4449;4545
Powiat namysłowski;031613106000;3447;3543;3576;3713;3880;4062;4079;4105;4213;4084;4179;4256;4264;4301;4297;4336;4475;4627;4734;4853;4919;5042;5123
Powiat nyski;031613107000;12220;12639;12847;13119;13372;13483;13824;13495;13835;13589;13781;13990;13846;13746;13627;13708;13750;14116;14511;14762;15086;15295;15454
Powiat prudnicki;031613110000;4261;4332;4243;4218;4218;4240;4339;4328;4440;4338;4404;4470;4480;4515;4527;4494;4533;4661;4754;4896;4974;5082;5210
Powiat kędzierzyńsko-kozielski;031613203000;7741;8141;8196;8373;8487;8509;8629;8607;8994;8858;8992;9025;9081;9103;9048;8975;8931;9057;9228;9358;9445;9595;9706
Powiat kluczborski;031613204000;5162;5375;5515;5690;5913;6067;6124;6106;6341;6227;6247;6314;6259;6274;6192;6201;6234;6375;6515;6697;6849;6950;7044
Powiat krapkowicki;031613205000;3952;4052;4129;4314;4479;4628;4627;4591;4796;4770;4865;4911;4880;4882;4877;4887;4889;5059;5202;5293;5423;5561;5688
Powiat oleski;031613208000;4604;4768;4816;5015;5194;5393;5399;5087;5321;5296;5365;5428;5496;5526;5514;5524;5667;5845;6016;6159;6252;6324;6442
Powiat opolski;031613209000;8697;8988;9278;9672;10093;10537;10776;10774;11386;11382;11537;11844;11934;12029;12125;11066;11329;11737;12140;12590;12985;13417;13870
Powiat strzelecki;031613211000;4226;4307;4332;4486;4646;4830;4931;4958;5234;5149;5212;5256;5247;5255;5288;5325;5344;5474;5629;5768;5874;5968;6096
Powiat m. Opole;031613261000;18600;18834;19060;19393;19750;20043;19924;19738;20361;20022;20170;20426;20521;20686;20743;21966;21529;21730;22149;22757;23379;23756;24199
Powiat bydgoski;040410603000;7380;7799;7876;8282;8518;9016;9538;9736;10474;10779;11310;11769;12119;12380;12674;13075;13517;14146;14817;15721;16498;17271;18096
Powiat toruński;040410615000;5791;6056;5904;6009;6280;6629;6989;7282;7907;8218;8532;8999;9297;9548;9704;9922;10377;10991;11630;12230;12642;13162;13576
Powiat m. Bydgoszcz;040410661000;46468;47894;45327;46713;44942;44753;45233;42790;43746;42899;43401;43430;42725;42864;42926;42974;42299;43362;44593;45388;45507;46155;46944
Powiat m. Toruń;040410663000;25361;26043;25619;25232;25247;25328;25464;22878;23775;23994;24703;25376;25700;25937;26124;26226;26138;26455;27239;27968;28368;28900;29662
Powiat brodnicki;040410702000;4909;5178;5102;5261;5488;5722;5894;5057;5305;5289;5479;5576;5675;5826;5964;6105;6308;6654;6866;7152;7374;7622;7781
Powiat chełmiński;040410704000;3237;3251;3064;3045;3106;3162;3232;3358;3458;3451;3538;3614;3640;3654;3645;3708;3781;3949;4072;4221;4303;4400;4452
Powiat golubsko-dobrzyński;040410705000;3017;3176;3082;3125;3143;3196;3311;3180;3336;3245;3309;3408;3450;3520;3557;3630;3711;3859;3987;4057;4139;4257;4412
Powiat grudziądzki;040410706000;1894;2006;1992;2069;2182;2274;2338;2420;2522;2571;2614;2701;2771;2892;2937;2941;3070;3177;3308;3423;3561;3664;3806
Powiat rypiński;040410712000;3418;3578;3555;3499;3442;3484;3489;3309;3351;3255;3314;3363;3369;3372;3360;3369;3461;3579;3697;3751;3803;3889;3972
Powiat wąbrzeski;040410717000;2485;2591;2258;2205;2229;2249;2264;2115;2199;2247;2310;2392;2435;2469;2458;2500;2618;2754;2822;2873;2881;2911;2940
Powiat m. Grudziądz;040410762000;9167;9504;9219;8987;8967;8995;9032;8850;8219;7922;7952;8069;8042;8142;8194;8193;8210;8312;8538;8746;8908;9079;9258
Powiat aleksandrowski;040410801000;4903;5159;5045;5022;4955;4989;5057;4666;4781;4755;4784;4807;4810;4796;4860;4988;5118;5470;5425;5459;5519;5602;5717
Powiat lipnowski;040410808000;4507;4769;4679;4610;4665;4672;4878;4527;4681;4511;4636;4748;4801;4862;4818;4896;5029;5200;5315;5447;5560;5660;5772
Powiat radziejowski;040410811000;3135;3259;2997;3069;3147;3191;3257;2899;3004;2950;3002;3056;3096;3122;3190;3255;3379;3474;3607;3693;3784;3832;3912
Powiat włocławski;040410818000;5087;5316;5131;5203;5308;5400;5567;5279;5532;5477;5692;5881;5991;5992;6042;6085;6199;6441;6675;6967;7203;7342;7640
Powiat m. Włocławek;040410864000;14633;14959;14721;14405;14042;13809;13776;12186;12278;11765;11863;11950;11823;11678;11544;11438;11083;10916;10972;11054;11067;11132;11240
Powiat inowrocławski;040416707000;12523;12824;12540;12723;12956;13067;13469;13656;13349;13203;13364;13508;13451;13377;13283;13225;13339;13593;13983;14274;14507;14685;14974
Powiat mogileński;040416709000;3101;3218;3155;3167;3229;3298;3401;3465;3272;3224;3275;3314;3312;3317;3355;3370;3467;3567;3685;3758;3858;3977;4106
Powiat nakielski;040416710000;6198;6404;6290;6545;6625;6676;6824;6124;6111;6057;6076;6152;6264;6265;6231;6311;6496;6857;7063;7370;7537;7783;7979
Powiat żniński;040416719000;4994;5091;4914;5046;5184;5112;5271;5189;5151;5058;5139;5257;5347;5398;5325;5337;5518;5785;5977;6155;6279;6402;6620
Powiat sępoleński;040416813000;2706;2836;2776;2852;3023;3109;3226;2890;2956;2907;3013;3083;3078;3084;3041;3103;3223;3368;3442;3539;3584;3612;3679
Powiat świecki;040416814000;6505;6829;6761;6917;7025;7114;7310;6853;7245;7291;7343;7407;7481;7559;7447;7588;7723;7849;8098;8386;8544;8844;9087
Powiat tucholski;040416816000;3141;3289;3168;3245;3246;3286;3362;3322;3355;3297;3347;3392;3401;3416;3420;3478;3593;3790;3939;4091;4181;4289;4435
Powiat gdański;042214004000;7613;8147;8208;8529;8937;9271;9700;10249;11107;11476;12055;12576;12949;13511;14057;14671;15256;16066;16823;17829;18638;19586;20598
Powiat kartuski;042214005000;7172;7645;7438;7825;8325;8910;9451;9969;10680;10972;11430;11940;12513;12958;13445;14086;14949;16009;17010;18123;19117;20264;21190
Powiat nowodworski;042214010000;3203;3375;3241;3395;3516;3611;3783;3744;3880;3744;3829;3910;3919;3917;3999;4137;4309;4425;4563;4783;4959;5118;5263
Powiat pucki;042214011000;9028;9711;9357;9544;7754;7857;9026;10456;10989;10709;10889;11241;11633;11944;12154;12445;12920;13390;13877;14646;15234;15754;16331
Powiat wejherowski;042214015000;14140;15044;15029;15483;16102;16532;17258;18206;19330;19822;20718;21377;21839;22446;22877;23543;24434;25681;26901;28283;29937;31370;32847
Powiat bytowski;042214101000;5619;5803;5637;5616;5774;5817;5962;6015;6251;6083;6193;6213;6405;6502;6624;6822;6904;7161;7455;7753;7904;8200;8357
Powiat lęborski;042214108000;7499;7916;7876;7815;7903;8014;8174;8117;8343;8151;8148;8238;8273;8291;8327;8458;8607;8697;8898;9170;9319;9423;9540
Powiat słupski;042214112000;7512;7984;8046;7894;8034;8130;8318;8516;8973;8752;8669;8964;9061;9125;9245;9460;9698;10043;10481;10992;11369;11542;11785
Powiat m. Słupsk;042214163000;13877;14384;14138;13885;13778;13730;13776;13682;13954;13319;13290;13328;13146;13007;12912;12816;12559;12745;12886;13013;13073;13224;13329
Powiat kwidzyński;042214207000;6647;6956;6611;6807;6960;7091;7467;7624;7914;7770;7847;7962;7873;7889;7858;7974;8127;8287;8576;8796;8969;9139;9433
Powiat malborski;042214209000;5483;5748;5433;5530;5624;5666;5826;5974;6271;6097;6258;6417;6484;6501;6426;6434;6411;6505;6700;6903;7056;7158;7317
Powiat starogardzki;042214213000;7983;8573;8618;9020;9637;10018;10550;10775;11129;10761;11038;11209;11318;11541;11595;11747;11937;12443;12832;13153;13464;13893;14208
Powiat tczewski;042214214000;8172;8587;8717;9013;9186;9310;9554;9891;10203;9900;9930;10118;10290;10423;10530;10627;10774;11080;11394;11722;12011;12407;12673
Powiat sztumski;042214216000;2810;2952;2909;3000;3103;3087;3219;3208;3353;3217;3210;3305;3278;3294;3296;3351;3404;3540;3640;3747;3821;3867;3945
Powiat m. Gdańsk;042214361000;57853;59410;58222;58631;58849;59076;60122;62281;65191;65332;67677;69819;71093;73305;75402;77592;77037;79857;83070;86913;91445;96004;100325
Powiat m. Gdynia;042214362000;29455;30840;30498;31272;31636;32104;32843;34455;35467;35200;36472;37408;37804;38623;39312;40237;39998;41352;42632;44414;45832;47392;48496
Powiat m. Sopot;042214364000;7093;7325;7311;7453;7519;7599;7744;8019;8355;8352;8514;8645;8681;8806;8953;9145;8614;8700;8768;8943;9125;9250;9425
Powiat chojnicki;042217202000;6722;7083;7046;6800;7069;7292;7623;7843;8217;8100;8307;8355;8507;8599;8615;8757;9044;9368;9702;10021;10310;10570;10826
Powiat człuchowski;042217203000;4339;4569;4605;4668;4927;5071;5199;5125;5241;5015;5039;5069;5103;5128;5110;5184;5234;5353;5476;5605;5627;5729;5890
Powiat kościerski;042217206000;4060;4277;4106;4241;4377;4620;4901;5113;5354;5425;5520;5690;5821;6051;6107;6218;6414;6592;6834;7120;7359;7627;7848
Powiat braniewski;042815402000;2896;3002;2905;2929;2957;2954;2992;2844;2922;2850;2896;2984;3024;3052;3108;3142;3191;3240;3315;3414;3454;3508;3552
Powiat działdowski;042815403000;3735;3701;3495;3545;3586;3757;3934;3876;4068;3997;4030;4126;4167;4151;4145;4177;4258;4444;4626;4792;4907;5009;5139
Powiat elbląski;042815404000;3429;3527;3305;3349;3406;3318;3395;3419;3576;3582;3715;3858;3940;3995;4043;4146;4206;4454;4692;4900;5042;5181;5327
Powiat iławski;042815407000;5627;5842;5710;5786;5843;6030;6230;6355;6743;6591;6829;6999;7081;7096;7050;7041;7210;7552;7883;8188;8465;8699;8888
Powiat nowomiejski;042815412000;2422;2505;2347;2419;2491;2585;2687;2735;2906;2793;2859;2962;3050;3094;3075;3159;3253;3376;3520;3659;3753;3870;3992
Powiat ostródzki;042815415000;7121;7278;7230;7362;7515;7664;7966;7799;8050;8070;8194;8223;8316;8313;8338;8392;8471;8857;9116;9432;9697;9969;10236
Powiat m. Elbląg;042815461000;12480;12400;12094;12097;12012;11919;12130;12380;12793;12087;12260;12419;12462;12552;12560;12567;12591;13014;13337;13811;13968;14169;14360
Powiat ełcki;042815505000;5658;5738;5840;6007;6135;6282;6535;6533;6482;6375;6508;6653;6758;6784;6852;6996;7171;7523;7861;8119;8306;8520;8702
Powiat giżycki;042815506000;5136;5249;5183;5261;5270;5351;5459;5081;5184;5220;5339;5427;5473;5520;5563;5617;5752;5946;6148;6340;6485;6630;6720
Powiat olecki;042815513000;2436;2538;2617;2736;3059;3120;3257;3074;3051;2918;3040;3035;3080;3026;3044;3050;3084;3181;3243;3314;3372;3424;3445
Powiat piski;042815516000;3940;4105;4041;4198;4188;4194;4209;3996;4095;4038;4138;4177;4234;4222;4189;4195;4303;4375;4476;4538;4643;4724;4763
Powiat gołdapski;042815518000;1900;2020;2008;2045;2084;2124;2186;2193;2221;2157;2175;2183;2193;2171;2127;2164;2191;2252;2310;2316;2377;2420;2459
Powiat węgorzewski;042815519000;1469;1477;1429;1479;1495;1546;1595;1576;1653;1642;1674;1707;1740;1719;1716;1712;1772;1828;1886;1926;1943;1993;2018
Powiat bartoszycki;042815601000;3409;3518;3425;3469;3482;3633;3676;3738;3922;3856;4008;4101;4115;4073;4062;4075;4111;4240;4401;4548;4582;4670;4759
Powiat kętrzyński;042815608000;4018;4159;4144;4186;4183;4240;4373;4302;4467;4455;4512;4522;4562;4531;4571;4586;4611;4762;4902;5008;5133;5237;5323
Powiat lidzbarski;042815609000;2870;3044;3038;3107;3159;3286;3322;3166;3333;3279;3360;3444;3478;3513;3533;3582;3664;3753;3875;3989;4093;4166;4248
Powiat mrągowski;042815610000;4278;4473;4425;4490;4477;4577;4660;4539;4679;4595;4687;4729;4707;4690;4703;4805;4934;5120;5298;5511;5631;5693;5775
Powiat nidzicki;042815611000;2035;2065;2043;2060;2071;2093;2167;2066;2207;2211;2288;2332;2372;2374;2395;2364;2378;2406;2493;2538;2578;2619;2699
Powiat olsztyński;042815614000;7224;7556;7672;7779;8098;8363;8758;8991;9617;9735;10117;10465;10585;10722;10852;11123;11603;12374;12999;13591;14183;14823;15317
Powiat szczycieński;042815617000;4632;4713;4753;4786;4853;4981;5062;4940;5074;5003;5077;5168;5212;5179;5174;5185;5325;5559;5770;5973;6061;6266;6483
Powiat m. Olsztyn;042815662000;21176;21480;21206;20997;20947;21041;21228;21218;21985;21718;22207;22712;22812;23099;23187;23299;23041;23652;24252;24858;25276;25682;26012
Powiat łódzki wschodni;051011506000;6211;6502;6636;6871;6892;7078;7230;6584;7114;7332;7544;7759;7901;8042;8119;8323;8589;8975;9284;9676;10078;10523;10892
Powiat pabianicki;051011508000;12512;13077;13551;13839;13563;13639;13742;11404;11769;11705;12104;12421;12485;12605;12795;13074;13346;13779;14186;14754;15267;15742;16126
Powiat zgierski;051011520000;14908;15565;15957;16385;16170;16394;16763;13980;14749;14798;15215;15460;15681;15892;16174;16555;16777;17294;17923;18527;19168;19765;20359
Powiat brzeziński;051011521000;2702;2670;2631;2687;2637;2703;2691;2573;2671;2621;2672;2718;2733;2757;2779;2834;2915;3056;3123;3201;3262;3293;3373
Powiat m. Łódź;051011661000;89387;92342;93976;96029;94387;94214;94578;84443;87822;86805;89431;90769;91488;92202;92711;93448;92537;94115;96130;99238;102184;104125;106260
Powiat bełchatowski;051011701000;8810;9267;9479;9730;8454;8161;8175;8056;8420;8374;8677;8829;8881;8962;8994;9042;9173;9497;9810;10081;10312;10560;10802
Powiat opoczyński;051011707000;4939;5227;5364;5482;4761;4701;4611;4432;4655;4513;4387;4522;4570;4612;4550;4595;4692;4923;5126;5272;5517;5737;5907
Powiat piotrkowski;051011710000;4828;5096;4938;4992;4779;4724;4685;4690;5060;5068;5199;5298;5484;5574;5690;5777;6149;6516;6780;7122;7412;7687;7908
Powiat radomszczański;051011712000;8957;9446;9593;9729;9280;8445;8476;8341;8790;8587;8789;8912;8877;8971;9079;9187;9416;9759;10034;10344;10638;10848;11116
Powiat tomaszowski;051011716000;9991;10465;10628;10743;8927;8749;8700;8544;9023;8980;9042;9219;9266;9294;9290;9385;9524;9802;10132;10400;10743;10987;11154
Powiat m. Piotrków Trybunalski;051011762000;8490;8625;8691;8686;7441;7393;7206;7109;7461;7343;7450;7539;7494;7501;7506;7531;7490;7633;7714;7860;7897;8039;8132
Powiat łaski;051011803000;3928;4092;4109;4170;4122;4163;4225;4046;4281;4185;4219;4303;4344;4352;4359;4424;4529;4690;4825;4994;5109;5243;5311
Powiat pajęczański;051011809000;3455;3621;3674;3740;3680;3592;3473;3400;3570;3589;3655;3713;3804;3882;3920;3920;3997;4114;4259;4345;4484;4595;4708
Powiat poddębicki;051011811000;3029;3205;3195;3309;3349;3416;3463;2910;3090;3035;3131;3233;3227;3238;3223;3230;3277;3417;3541;3628;3697;3779;3921
Powiat sieradzki;051011814000;8876;9232;8966;8885;8611;8638;8654;7973;8393;8512;8587;8677;8881;9014;9146;9293;9375;9656;10021;10256;10505;10740;11006
Powiat wieluński;051011817000;5975;6349;6510;6661;6705;6775;6894;6206;6554;6334;6448;6562;6523;6541;6685;6728;6816;6986;7207;7423;7614;7832;8059
Powiat wieruszowski;051011818000;2810;3069;3165;3267;3302;3363;3461;3195;3359;3344;3427;3508;3534;3573;3638;3667;3733;3908;4034;4169;4288;4392;4487
Powiat zduńskowolski;051011819000;5622;5917;6035;6116;6124;6188;6290;5873;6153;6068;6133;6166;6146;6225;6334;6390;6520;6765;6968;7150;7292;7440;7591
Powiat kutnowski;051011902000;7722;7945;8003;8213;8253;8378;8436;7495;7621;7519;7596;7581;7609;7659;7690;7694;7636;7817;8015;8138;8279;8305;8359
Powiat łęczycki;051011904000;3234;3432;3442;3553;3465;3529;3566;2952;3074;3064;3191;3248;3246;3231;3231;3266;3273;3351;3463;3535;3624;3663;3751
Powiat łowicki;051011905000;5607;5751;5575;5628;5544;5632;5730;5405;5666;5653;5778;5904;5953;5905;5968;5956;6022;6188;6380;6542;6652;6784;6950
Powiat rawski;051011913000;3662;3753;3769;3850;3886;3958;4024;3874;4074;3901;4006;4095;4028;4016;3985;4050;4128;4279;4396;4491;4588;4674;4805
Powiat skierniewicki;051011915000;1949;2020;2025;2033;1992;2074;2170;2134;2273;2239;2307;2376;2385;2419;2468;2514;2693;2851;2978;3138;3271;3358;3471
Powiat m. Skierniewice;051011963000;4713;4772;4803;4861;4897;4955;5021;5087;5266;4968;5091;5103;5038;4995;4946;4972;4895;4951;5169;5297;5418;5459;5565
Powiat kielecki;052615204000;11243;11796;11648;11779;12165;12523;13062;13179;13955;13832;14579;15112;15466;15719;16086;16704;17548;18300;19224;20423;21273;21838;22576
Powiat konecki;052615205000;6340;6549;6318;6308;6321;6359;6469;6238;6383;6194;6344;6359;6374;6417;6524;6585;6773;6998;7219;7427;7683;7752;7836
Powiat ostrowiecki;052615207000;9133;9642;9959;10304;10706;11049;11427;10832;10864;10475;10507;10469;10265;10135;10070;9976;10122;10275;10467;10648;10755;10816;10948
Powiat skarżyski;052615210000;7334;7641;7651;7593;7720;7773;7817;7544;7787;7449;7564;7933;7908;7866;7741;7789;7769;7826;7993;8114;8187;8221;8347
Powiat starachowicki;052615211000;7127;7302;7075;6975;7014;6999;7096;7051;7320;6940;6990;7205;7226;7192;7198;7219;7267;7412;7576;7744;7890;8045;8237
Powiat m. Kielce;052615261000;27545;28577;28899;29492;29494;28908;28723;28009;28548;28046;28543;28837;28695;28860;28901;28853;28321;28826;29473;30291;30766;31257;31756
Powiat buski;052615301000;4917;5040;4954;5162;5397;5592;5641;5438;5576;5461;5472;5541;5541;5578;5663;5803;5921;6118;6327;6510;6609;6766;6948
Powiat jędrzejowski;052615302000;5540;5732;5687;5832;5995;6039;6107;5789;5899;5765;5843;6026;6077;6121;6134;6297;6517;6750;7005;7280;7482;7694;7914
Powiat kazimierski;052615303000;1401;1468;1408;1400;1443;1501;1551;1570;1657;1677;1776;1821;1811;1811;1792;1832;1895;1997;2078;2141;2199;2282;2370
Powiat opatowski;052615306000;3326;3479;3261;3184;3243;3301;3395;3247;3327;3199;3245;3237;3264;3273;3311;3345;3494;3563;3687;3796;3852;3930;4018
Powiat pińczowski;052615308000;2345;2468;2349;2336;2412;2388;2392;2417;2478;2410;2463;2509;2539;2589;2633;2673;2667;2728;2808;2940;3010;3107;3183
Powiat sandomierski;052615309000;5693;5950;6006;6022;6189;6335;6467;6204;6408;6143;6286;6325;6298;6319;6360;6451;6512;6545;6737;6915;7063;7147;7297
Powiat staszowski;052615312000;4841;5072;5009;5004;5060;5060;5144;5081;5274;5102;5114;5082;5110;5097;5145;5221;5307;5491;5663;5868;6094;6225;6339
Powiat włoszczowski;052615313000;2753;2963;2892;3025;3153;3077;3108;3079;3239;3213;3342;3426;3556;3597;3570;3548;3604;3664;3805;3936;4067;4134;4239
Powiat bialski;060610901000;5422;5754;5332;5393;5571;5742;5851;5781;6047;6037;6266;6469;6591;6636;6711;6909;7118;7396;7723;8080;8405;8727;8988
Powiat parczewski;060610913000;2043;2136;1957;1938;1953;1987;2062;2159;2305;2238;2309;2359;2394;2422;2389;2373;2427;2507;2606;2679;2710;2767;2843
Powiat radzyński;060610915000;3424;3531;3230;3259;3349;3486;3551;3522;3671;3659;3723;3786;3844;3861;3854;3970;4055;4131;4299;4466;4583;4654;4764
Powiat włodawski;060610919000;2488;2564;2381;2285;2339;2345;2374;2442;2604;2576;2671;2753;2763;2734;2675;2651;2697;2772;2840;2906;2984;3014;3039
Powiat m. Biała Podlaska;060610961000;4893;5031;4876;4885;4955;5094;5076;5183;5424;5437;5548;5647;5692;5830;5906;6093;6122;6160;6417;6610;7062;7222;7282
Powiat biłgorajski;060611002000;6255;6570;6615;6487;6645;6701;6979;6823;7206;7187;7263;7440;7538;7535;7537;7702;8003;8328;8770;9077;9327;9538;9698
Powiat chełmski;060611003000;2825;2977;2555;2534;2857;2945;2985;3138;3352;3318;3443;3514;3738;3774;3801;3919;4100;4292;4547;4729;4946;5100;5234
Powiat hrubieszowski;060611004000;3608;3853;3914;3815;3866;3892;3988;4000;4179;3997;4080;4218;4272;4292;4270;4314;4379;4430;4592;4694;4785;4794;4818
Powiat krasnostawski;060611006000;3797;3925;3546;3488;3294;3296;3307;3406;3564;3457;3547;3652;3713;3746;3710;3784;3848;3941;4039;4148;4247;4391;4484
Powiat tomaszowski;060611018000;5985;6271;6187;6115;6232;6280;6484;6449;6700;6432;6509;6523;6567;6573;6559;6651;6775;7027;7290;7477;7644;7689;7777
Powiat zamojski;060611020000;5217;5562;5398;5253;5350;5461;5675;5757;6052;5923;6036;6214;6336;6390;6456;6625;6896;7181;7573;7958;8277;8564;8800
Powiat m. Chełm;060611062000;5840;5776;5497;5350;5318;5447;5476;5583;5733;5616;5697;5734;5854;5843;5840;5880;5809;5879;5951;6016;6067;6071;6064
Powiat m. Zamość;060611064000;7644;7896;7861;7716;7674;7664;7730;7699;7872;7723;7825;7848;7760;7800;7752;7754;7598;7550;7680;7793;7844;7938;8041
Powiat lubartowski;060611108000;5055;5284;5033;5077;5166;5223;5294;5161;5415;5359;5544;5660;5767;5832;5874;5986;6255;6447;6688;6880;7076;7292;7487
Powiat lubelski;060611109000;7247;7678;7174;7326;7642;7987;8493;8780;9628;9999;10458;11045;11405;11721;12017;12380;13180;13894;14637;15425;16248;17224;17743
Powiat łęczyński;060611110000;2975;3024;2732;2709;2738;2735;2774;2890;3038;3091;3168;3190;3224;3279;3270;3336;3467;3542;3653;3823;3954;4137;4292
Powiat świdnicki;060611117000;4766;4861;4593;4601;4623;4658;4787;4968;5302;5240;5340;5464;5545;5632;5632;5744;5836;5988;6187;6366;6563;6711;6884
Powiat m. Lublin;060611163000;39324;40086;39499;39619;39587;38459;39060;39815;41622;41187;42310;43334;43450;43922;44474;45386;45348;46180;48082;49928;51967;53574;55203
Powiat janowski;060611205000;2818;2979;2955;3011;3112;3268;3334;3150;3328;3209;3263;3320;3398;3407;3405;3428;3502;3581;3711;3823;3943;4084;4160
Powiat kraśnicki;060611207000;5471;5726;5417;5308;5361;5417;5439;5499;5793;5760;5969;6086;6165;6191;6189;6293;6539;6627;6928;7175;7350;7437;7601
Powiat łukowski;060611211000;6497;6792;6576;6602;6670;6932;7193;7274;7814;7681;7792;7998;8183;8292;8335;8557;8752;9016;9404;9825;10219;10508;10832
Powiat opolski;060611212000;3359;3495;3214;3231;3264;3400;3468;3504;3728;3647;3746;3872;3835;3866;3835;3859;4011;4174;4390;4558;4637;4753;4832
Powiat puławski;060611214000;8984;9433;9334;9336;9355;9486;9514;9488;9859;9580;9726;9839;9759;9752;9757;9857;10076;10158;10477;10775;10931;11075;11235
Powiat rycki;060611216000;3474;3645;3602;3681;3658;3609;3701;3709;3840;3742;3794;3797;3827;3854;3875;3914;4012;4114;4253;4330;4348;4386;4388
Powiat bieszczadzki;061813301000;2168;2214;2068;2054;2063;2067;2116;2047;2159;2122;2163;2165;2170;2149;2148;2140;2190;2304;2429;2568;2662;2717;2741
Powiat brzozowski;061813302000;3240;3378;3186;3176;3252;3238;3347;3454;3687;3658;3698;3827;3722;3779;3828;3876;4014;4123;4328;4419;4530;4656;4737
Powiat jasielski;061813305000;7379;7044;6805;6796;6920;6934;7151;7270;7617;7540;7713;7828;7881;7983;8100;8331;8443;8647;8930;9289;9524;9684;9897
Powiat krośnieński;061813307000;6221;6455;6353;6398;6526;6605;6788;6795;7171;7012;7195;7352;7493;7616;7677;7783;8014;8304;8527;8955;9230;9505;9711
Powiat sanocki;061813317000;6093;6414;6268;6292;6375;6407;6540;6571;6955;6769;6844;6927;6960;6972;7000;7076;7196;7470;7695;7922;8050;8177;8365
Powiat leski;061813321000;2460;2536;2475;2521;2502;2472;2502;2509;2630;2663;2731;2861;2928;2933;2973;3024;3114;3264;3446;3598;3690;3785;3846
Powiat m. Krosno;061813361000;5039;5105;5073;5097;5134;5174;5234;5278;5435;5380;5515;5598;5593;5639;5615;5677;5528;5634;5755;5866;6011;6127;6248
Powiat jarosławski;061813404000;7705;7883;7885;7869;7952;8044;7964;8078;8396;8086;8164;8336;8435;8612;8715;8846;8976;9201;9598;9933;10202;10381;10613
Powiat lubaczowski;061813409000;2447;2530;2530;2543;2659;2686;2772;2867;3069;2987;3082;3163;3221;3212;3261;3326;3511;3641;3802;3969;4072;4159;4211
Powiat przemyski;061813413000;3307;3417;3251;3300;3372;3380;3465;3517;3686;3670;3784;3957;4067;4124;4201;4299;4495;4715;4929;5186;5412;5575;5707
Powiat przeworski;061813414000;3537;3692;3599;3567;3652;3717;3816;3985;4232;4178;4365;4406;4459;4608;4707;4720;4868;5041;5238;5495;5718;5916;6132
Powiat m. Przemyśl;061813462000;6428;6581;6459;6347;6301;6287;6255;6299;6388;5901;6014;6105;6145;6262;6442;6524;6459;6534;6671;6805;6921;7040;7057
Powiat kolbuszowski;061813506000;2760;2967;2843;2871;2977;3075;3164;3044;3307;3315;3407;3508;3583;3622;3722;3864;3987;4127;4319;4559;4746;4914;5078
Powiat łańcucki;061813510000;5200;5285;5129;4993;5049;5174;5206;5018;5315;5369;5518;5661;5794;5894;5979;6043;6243;6529;6835;7192;7540;7793;8070
Powiat ropczycko-sędziszowski;061813515000;3816;3970;3775;3823;3932;3981;4110;4212;4465;4503;4570;4750;4867;4998;5096;5197;5333;5511;5754;6078;6274;6469;6611
Powiat rzeszowski;061813516000;9833;10346;10143;10150;10009;9927;9889;9886;10125;10238;10688;11147;11453;11675;11907;12359;12911;13356;14123;14933;15622;16420;17096
Powiat strzyżowski;061813519000;3006;3120;2886;2889;2969;2944;2992;3101;3358;3416;3532;3696;3786;3878;3966;3985;4176;4300;4473;4682;4843;5015;5108
Powiat m. Rzeszów;061813563000;18615;18864;18622;18388;18587;18903;19373;19925;21308;21543;22406;23703;24833;25648;26489;27605;28035;29345;30794;32482;34116;35582;36569
Powiat dębicki;061813603000;7195;7379;7214;7286;7551;7662;7882;8040;8546;8422;8653;8968;9152;9277;9397;9516;9737;10190;10574;11094;11490;11901;12364
Powiat leżajski;061813608000;3516;3592;3543;3516;3558;3633;3742;3748;3983;3990;4053;4154;4240;4267;4319;4351;4522;4709;4894;5091;5229;5391;5474
Powiat mielecki;061813611000;8878;9234;8954;8833;8904;9048;9129;9129;9594;9633;9940;10301;10453;10643;10939;11165;11353;11729;12199;12556;12980;13226;13537
Powiat niżański;061813612000;3325;3470;3432;3448;3514;3614;3720;3690;3880;3852;3932;3993;4088;4145;4152;4188;4371;4617;4763;4990;5130;5283;5404
Powiat stalowowolski;061813618000;8089;8405;8407;8470;8470;8599;8601;8394;8734;8593;8725;8803;8898;8926;8916;8898;8979;9201;9441;9739;9912;10027;10127
Powiat tarnobrzeski;061813620000;3189;3354;3230;3145;3188;3225;3280;3183;3360;3327;3367;3395;3413;3381;3382;3390;3527;3632;3768;3909;4013;4082;4139
Powiat m. Tarnobrzeg;061813664000;5267;5447;5415;5287;5240;5260;5225;4959;5218;4924;4975;5023;4922;4912;4818;4887;4848;4983;5075;5222;5273;5298;5266
Powiat białostocki;062013702000;8934;9235;8518;8454;8397;8586;9025;9462;10297;10605;11198;11656;12123;12369;12594;12963;13519;14334;15165;16075;16977;17855;18666
Powiat sokólski;062013711000;3920;4058;3545;3435;3467;3473;3600;3672;3703;3653;3760;3802;3879;3949;3924;3964;3988;4093;4217;4348;4442;4529;4592
Powiat m. Białystok;062013761000;34152;33919;31334;29801;29434;29452;29827;30059;31264;31339;32410;33085;33735;34407;34844;35409;35926;36072;37453;38819;40421;41980;43123
Powiat bielski;062013803000;4201;4421;3862;3777;3767;3802;3846;3533;3640;3659;3770;3826;3804;3819;3827;3886;3963;4102;4197;4328;4398;4480;4552
Powiat hajnowski;062013805000;3623;3721;3372;3280;3244;3258;3236;2888;2954;2916;2957;2978;3015;2988;2959;2955;2945;3051;3111;3157;3189;3211;3271
Powiat kolneński;062013806000;2116;2205;2093;2133;2168;2230;2276;2168;2268;2245;2358;2431;2491;2451;2432;2401;2436;2496;2593;2680;2766;2907;2959
Powiat łomżyński;062013807000;2408;2550;2325;2378;2497;2562;2688;2566;2763;2820;2890;2993;3053;3013;3011;3057;3172;3354;3557;3761;3939;4082;4187
Powiat siemiatycki;062013810000;2693;2748;2470;2407;2499;2536;2606;2422;2564;2517;2579;2603;2675;2750;2777;2803;2854;2955;3029;3097;3142;3238;3311
Powiat wysokomazowiecki;062013813000;3412;3561;3376;3353;3419;3428;3551;3522;3762;3826;3931;4001;4086;4132;4100;4049;4090;4214;4294;4422;4533;4712;4824
Powiat zambrowski;062013814000;3300;3651;3628;3832;4075;3427;3484;3325;3248;3213;3292;3267;3256;3258;3292;3318;3395;3506;3605;3657;3723;3791;3850
Powiat m. Łomża;062013862000;6292;6478;6332;6329;6357;6340;6421;6346;6181;6053;6188;6263;6325;6306;6303;6315;6361;6467;6599;6649;6720;6779;6853
Powiat augustowski;062013901000;4301;4564;4531;4350;4305;4370;4366;4461;4115;4023;4205;4258;4333;4295;4256;4259;4353;4414;4542;4686;4765;4881;5003
Powiat grajewski;062013904000;2960;3125;3040;3038;3063;3097;3133;2825;2959;2922;2976;3031;3072;3118;3105;3103;3152;3257;3348;3386;3423;3510;3569
Powiat moniecki;062013908000;2196;2319;2221;2128;2155;2144;2194;2154;2235;2209;2280;2308;2335;2339;2392;2454;2525;2594;2720;2759;2790;2845;2892
Powiat sejneński;062013909000;1146;1215;1216;1204;1215;1228;1234;1262;1206;1163;1180;1209;1268;1262;1267;1300;1311;1389;1489;1573;1649;1710;1767
Powiat suwalski;062013912000;1561;1671;1618;1607;1626;1645;1664;1750;1725;1732;1800;1849;1920;1923;1973;2011;2084;2194;2297;2410;2478;2534;2597
Powiat m. Suwałki;062013963000;7316;7497;7501;7409;7243;7087;7078;7163;6992;6843;6947;6957;6969;6930;6900;6955;6966;7086;7276;7429;7573;7672;7746
Powiat m. st. Warszawa;071412865000;262431;274953;287156;298062;304016;313367;324282;328317;344261;340848;355083;371476;383617;401339;419352;434676;433823;456338;475287;499070;525475;552771;577380
Powiat legionowski;071412908000;10856;11481;11904;12307;12394;12886;13590;13555;14627;14701;15234;15633;15796;16101;16317;16636;16925;17758;18586;19586;20556;21434;22615
Powiat miński;071412912000;11485;11597;11099;11208;11449;11739;12173;11905;12698;12686;13192;13550;13883;14079;14276;14524;15019;15511;16055;16731;17342;17920;18495
Powiat otwocki;071412917000;11718;12371;12409;12763;12700;13095;13791;13597;14461;14407;14775;15193;15310;15525;15585;15745;15941;16521;16965;17668;18318;19038;19654
Powiat wołomiński;071412934000;18774;19748;20366;21112;21455;22265;23324;23292;25163;25672;26838;27711;28201;28848;29263;30127;31475;33314;34665;36442;38220;39966;41904
Powiat grodziski;071413005000;8590;8918;9026;9176;9327;9583;9979;10183;10949;11059;11419;11899;12141;12463;12687;12896;13278;13993;14632;15405;16141;16892;17776
Powiat nowodworski;071413014000;6198;6544;6734;6895;6810;6909;7200;6456;6946;6908;7173;7341;7423;7603;7744;7958;8198;8630;8991;9362;9730;10038;10419
Powiat piaseczyński;071413018000;14295;16575;17673;18675;18954;20121;21620;22109;24258;25256;26600;28313;29307;30702;31793;33370;34621;36276;37762;39747;41885;44002;46528
Powiat pruszkowski;071413021000;18461;19571;20456;21173;21591;22342;23275;23716;25226;24897;25593;26247;26627;27125;27624;28260;28777;30010;31153;32399;33668;35163;36797
Powiat warszawski zachodni;071413032000;11061;11754;12289;12899;13275;13804;14556;14364;15494;15935;16712;17226;17672;18287;18704;19184;19746;20739;21656;22861;24046;25281;26484
Powiat ciechanowski;071422502000;7090;7154;6546;6578;6681;6792;6883;6582;6848;6769;6927;7114;7194;7325;7289;7235;7211;7486;7725;7918;8015;8087;8263
Powiat mławski;071422513000;4862;5040;4631;4650;4699;4755;4937;4779;4989;4786;4857;4986;5108;5253;5281;5386;5497;5748;5931;6147;6325;6523;6789
Powiat płoński;071422520000;5325;5422;4975;5004;5177;5354;5546;5564;5954;5894;6037;6244;6309;6372;6415;6425;6558;6804;6983;7235;7394;7623;7806
Powiat pułtuski;071422524000;3708;3772;3679;3719;3688;3782;3847;3771;3980;3746;3825;3879;3994;3971;3966;3998;4088;4280;4458;4676;4804;4932;5125
Powiat żuromiński;071422537000;2524;2603;2322;2309;2386;2473;2522;2470;2658;2529;2597;2616;2647;2663;2718;2719;2756;2807;2856;2903;2969;3026;3086
Powiat makowski;071422611000;3646;3744;3554;3645;3563;3686;3773;3421;3534;3461;3463;3549;3624;3693;3743;3712;3739;3827;3935;4019;4076;4139;4233
Powiat ostrołęcki;071422615000;3888;4088;4004;4119;4078;4318;4533;4012;4320;4438;4708;4963;5213;5314;5369;5524;5716;6041;6315;6679;6930;7229;7459
Powiat ostrowski;071422616000;5927;6126;5969;6126;6023;6011;6122;5864;6121;5963;6122;6237;6346;6386;6376;6388;6435;6603;6772;6955;7050;7200;7335
Powiat przasnyski;071422622000;4104;4177;3402;3432;3453;3511;3547;3231;3439;3438;3498;3604;3593;3611;3620;3601;3684;3778;3875;4022;4106;4228;4350
Powiat wyszkowski;071422635000;5747;5898;5896;6053;5960;6133;6323;5671;5997;5820;5969;6098;6261;6299;6324;6360;6526;6756;7051;7332;7568;7825;7977
Powiat m. Ostrołęka;071422661000;5965;5920;5869;6045;5684;5751;5840;5665;5851;5697;5774;5880;5910;5960;5952;5957;5829;5979;6113;6195;6246;6307;6356
Powiat białobrzeski;071422701000;2824;2912;2939;3058;3179;3287;3356;2511;2582;2527;2572;2609;2673;2737;2766;2757;2783;2864;2980;3096;3187;3260;3364
Powiat kozienicki;071422707000;3845;3987;4013;4026;4096;4111;4158;3917;4068;4014;4074;4102;4118;4106;4065;4065;4177;4304;4409;4556;4635;4748;4840
Powiat lipski;071422709000;2116;2243;2230;2298;2387;2510;2608;2552;2609;2581;2610;2597;2626;2610;2580;2570;2607;2697;2760;2874;2922;2972;3026
Powiat przysuski;071422723000;2722;2838;2824;2920;2982;3025;3096;2567;2664;2622;2655;2684;2746;2797;2794;2801;2832;2940;3072;3136;3242;3323;3441
Powiat radomski;071422725000;8115;8505;8348;8427;8728;8956;9349;9297;9842;9704;9965;10211;10322;10576;10867;11093;11565;12222;12775;13382;13744;14155;14642
Powiat szydłowiecki;071422730000;2794;2901;2819;2928;3021;3091;3161;2667;2781;2727;2790;2897;2953;3038;3112;3168;3335;3474;3690;3820;3902;3934;3986
Powiat zwoleński;071422736000;1928;2013;1928;1924;1967;2032;2104;1893;1969;1903;1976;1985;2049;2109;2135;2236;2301;2403;2453;2589;2642;2752;2810
Powiat m. Radom;071422763000;25406;25619;25121;24710;24500;24553;24794;25053;25371;24263;24571;24711;24687;24683;24538;24450;24089;24626;25069;25720;25815;26152;26625
Powiat gostyniński;071427004000;3215;3271;3103;3062;3070;3168;3285;3176;3363;3279;3213;3319;3317;3423;3400;3452;3512;3649;3732;3797;3842;3928;4009
Powiat płocki;071427019000;5136;5264;5025;5023;5158;5359;5600;5771;6225;6264;6508;6804;7017;7234;7345;7492;7776;8187;8565;8928;9365;9782;10153
Powiat sierpecki;071427027000;3073;3077;2892;2873;2866;2968;3030;2961;3109;3055;3149;3241;3331;3353;3408;3414;3487;3629;3806;3970;4112;4193;4296
Powiat m. Płock;071427062000;12710;12602;12673;12419;12239;12136;12064;12200;12394;12110;12444;12537;12467;12394;12384;12456;12216;12091;12314;12561;12764;12880;13094
Powiat garwoliński;071427103000;6965;6827;6514;6561;6474;6583;6848;6646;6999;6945;7117;7346;7331;7393;7453;7513;7786;8199;8450;8746;8998;9329;9607
Powiat łosicki;071427110000;2172;2164;1936;1916;1919;1956;2089;2001;2145;2155;2196;2231;2282;2308;2304;2285;2337;2424;2439;2479;2536;2637;2710
Powiat siedlecki;071427126000;4026;4184;3866;3805;3921;4088;4310;4528;4948;4954;5050;5263;5333;5393;5443;5490;5726;6052;6317;6573;6800;7003;7259
Powiat sokołowski;071427129000;3846;3594;3380;3329;3365;3454;3514;3511;3762;3807;3868;4002;3965;3953;3975;3965;4009;4157;4242;4346;4427;4552;4677
Powiat węgrowski;071427133000;4769;4557;3996;3865;3729;3867;4038;4107;4443;4474;4606;4707;4694;4740;4769;4795;4876;5077;5260;5462;5753;5998;6153
Powiat m. Siedlce;071427164000;8394;7964;7803;7740;7734;7895;8014;8089;8426;7879;8103;8351;8388;8380;8388;8479;8490;8735;8924;9067;9194;9360;9539
Powiat grójecki;071427306000;8447;7888;7976;8255;8525;8860;9060;8166;8535;8232;8407;8590;8699;8765;8819;9006;9142;9439;9761;10130;10471;10723;11114
Powiat sochaczewski;071427328000;7463;7902;8168;8437;8369;8606;8801;8338;8567;8485;8620;8690;8653;8687;8656;8745;8958;9184;9395;9598;9802;10081;10265
Powiat żyrardowski;071427338000;7491;7830;8016;8195;8009;8095;8412;8221;8436;8209;8322;8361;8345;8432;8409;8456;8577;8905;9150;9487;9703;10027;10319
