Jednostka terytorialna;Kod;1995;1996;1997;1998;1999;2000;2001;2002;2003;2004;2005;2006;2007;2008;2009;2010;2011;2012;2013;2014;2015;2016;2017;2018;2019;2020;2021;2022;2023;2024
Powiat bocheński;011212001000;1294;1309;1275;1233;1214;1176;1130;1091;1083;1057;1089;1184;1203;1204;1334;1188;1244;1217;1153;1258;1159;1215;1305;1284;1261;1185;1031;1083;955;906
Powiat krakowski;011212006000;2761;2822;2552;2587;2474;2495;2496;2280;2225;2255;2311;2225;2477;2732;2821;2764;2739;2703;2651;2681;2687;2810;2895;2987;2795;2830;2668;2368;2246;2164
Powiat miechowski;011212008000;638;612;558;532;513;516;500;487;488;485;450;481;487;515;522;501;466;461;451;495;434;478;473;454;415;461;393;332;344;287
Powiat myślenicki;011212009000;1632;1543;1517;1571;1456;1496;1424;1338;1309;1355;1384;1321;1424;1564;1569;1525;1502;1454;1438;1407;1523;1547;1574;1535;1503;1446;1376;1271;1151;1154
Powiat proszowicki;011212014000;529;554;496;473;486;513;434;412;411;409;426;425;455;412;466;448;444;431;403;412;410;419;445;417;397;392;384;345;289;298
Powiat wielicki;011212019000;1222;1134;1162;1036;1042;1140;1043;1032;975;1013;1079;1095;1166;1279;1232;1316;1334;1255;1281;1252;1323;1352;1487;1469;1401;1461;1441;1346;1212;1293
Powiat m. Kraków;011212161000;6258;6274;6040;6054;5840;5806;5813;5688;5914;6140;6436;6640;6755;7537;7889;7848;7417;7343;7372;7549;8013;8816;9170;9410;9454;9054;8671;8265;7528;7057
Powiat gorlicki;011212205000;1455;1423;1420;1261;1298;1292;1225;1179;1178;1149;1151;1186;1198;1304;1316;1309;1238;1176;1195;1153;1094;1087;1179;1156;1114;982;910;858;836;629
Powiat limanowski;011212207000;1965;1968;1945;1890;1864;1857;1825;1680;1690;1646;1562;1629;1657;1700;1760;1805;1692;1640;1623;1660;1641;1640;1764;1722;1805;1742;1629;1435;1339;1224
Powiat nowosądecki;011212210000;3045;3105;3079;2966;2936;2920;2874;2655;2572;2515;2544;2552;2581;2771;2774;2774;2716;2685;2572;2592;2533;2649;2777;2858;2681;2567;2391;2305;2076;1893
Powiat m. Nowy Sącz;011212262000;1082;1005;941;990;866;973;843;842;864;814;902;888;866;983;940;984;876;876;842;841;844;978;958;908;853;880;817;654;646;580
Powiat chrzanowski;011212303000;1329;1274;1231;1170;1175;1194;1128;1167;1073;1115;1079;1075;1181;1257;1226;1252;1132;1181;1164;1119;1121;1142;1159;1104;1006;893;872;805;686;626
Powiat olkuski;011212312000;1284;1336;1286;1165;1184;1142;1087;990;1025;973;955;987;1101;1161;1129;1187;1069;1088;977;987;926;977;1030;1013;907;857;785;708;617;626
Powiat oświęcimski;011212313000;1695;1638;1629;1573;1506;1397;1408;1423;1328;1388;1364;1417;1536;1648;1600;1603;1530;1494;1525;1447;1508;1474;1528;1397;1504;1324;1218;1123;935;920
Powiat wadowicki;011212318000;1981;1915;1896;1936;1825;1846;1753;1676;1631;1623;1654;1686;1731;1836;1837;1888;1788;1766;1653;1745;1700;1687;1848;1794;1766;1612;1515;1361;1236;1168
Powiat brzeski;011212402000;1274;1248;1220;1160;1111;1053;1025;968;966;941;917;940;994;1084;1075;1051;1006;1016;957;922;869;969;1024;1027;932;891;865;833;727;644
Powiat dąbrowski;011212404000;826;801;767;686;699;675;596;551;536;571;548;519;531;596;605;583;536;588;551;547;571;560;627;633;538;524;534;505;461;386
Powiat tarnowski;011212416000;2698;2626;2448;2452;2404;2310;2154;2127;2095;1990;2020;1940;2016;2228;2201;2128;2037;2119;2035;1992;1980;1976;2158;2100;2054;1947;1776;1687;1485;1429
Powiat m. Tarnów;011212463000;1244;1253;1222;1192;1086;1174;1063;1049;931;991;961;998;954;1059;1039;1013;973;954;933;925;873;899;937;943;897;863;727;704;584;584
Powiat nowotarski;011216911000;2586;2536;2612;2411;2353;2320;2205;2096;2079;1988;2058;1948;2166;2286;2223;2158;2083;2045;1945;1933;1915;2079;2088;2040;2126;1986;1877;1785;1724;1571
Powiat suski;011216915000;1224;1115;1094;1069;1016;1042;1011;927;861;887;923;904;949;983;1012;988;942;926;872;807;911;881;963;874;885;805;772;724;690;648
Powiat tatrzański;011216917000;827;803;748;748;726;781;742;643;645;673;664;612;643;713;716;736;760;699;714;695;686;696;772;739;652;658;633;585;556;507
Powiat bielski;012414402000;1668;1596;1609;1570;1454;1520;1431;1384;1368;1421;1506;1476;1603;1731;1851;1713;1702;1692;1630;1677;1744;1739;1823;1837;1712;1670;1567;1391;1139;1053
Powiat cieszyński;012414403000;1902;1877;1823;1769;1797;1818;1714;1672;1642;1625;1665;1734;1793;1869;1916;2049;1945;1881;1918;1847;1780;1872;1883;1775;1805;1615;1525;1401;1225;1060
Powiat żywiecki;012414417000;1963;1844;1875;1781;1732;1645;1552;1444;1457;1472;1533;1582;1593;1702;1650;1734;1593;1541;1446;1592;1521;1531;1651;1519;1418;1436;1345;1250;1033;1017
Powiat m. Bielsko-Biała;012414461000;1688;1687;1627;1585;1535;1615;1551;1425;1434;1521;1513;1678;1718;1789;1847;1762;1769;1782;1675;1673;1640;1652;1801;1755;1595;1519;1391;1267;1127;981
Powiat lubliniecki;012414507000;832;840;814;747;748;708;745;700;662;651;660;678;713;734;775;808;773;762;702;707;691;730;790;774;777;685;650;563;496;479
Powiat tarnogórski;012414513000;1204;1211;1105;1149;1126;1213;1148;1038;1043;1112;1075;1095;1170;1298;1337;1382;1298;1346;1204;1221;1164;1220;1320;1231;1224;1206;1084;994;803;783
Powiat m. Bytom;012414562000;2156;2069;2056;1778;1665;1728;1637;1549;1522;1575;1595;1656;1709;1778;1828;1778;1585;1598;1610;1504;1431;1486;1622;1366;1388;1253;1252;1014;934;831
Powiat m. Piekary Śląskie;012414571000;617;589;557;603;538;515;505;486;488;470;505;523;517;568;612;570;565;571;547;515;482;474;571;481;486;464;396;355;301;296
Powiat częstochowski;012414604000;1536;1460;1391;1314;1302;1297;1100;1180;1177;1130;1133;1070;1234;1306;1292;1342;1216;1226;1147;1130;1063;1125;1239;1167;1118;1062;945;937;813;713
Powiat kłobucki;012414606000;1025;1005;963;878;873;904;792;789;757;741;735;803;793;825;808;889;767;776;786;749;746;726;750;728;746;766;628;637;515;488
Powiat myszkowski;012414609000;723;706;727;626;653;660;708;662;642;562;600;612;662;647;709;688;684;637;676;636;626;624;654;599;572;542;468;454;412;377
Powiat m. Częstochowa;012414664000;2364;2473;2223;2241;2048;2067;2059;1887;1957;1986;2017;2043;2002;2185;2366;2191;2067;1978;1869;1785;1742;1816;1828;1749;1638;1567;1413;1353;1174;1054
Powiat gliwicki;012414705000;1320;1250;1198;1110;1074;1064;1013;968;953;947;994;1066;1056;1150;1229;1211;1179;1170;1149;1126;1103;1131;1140;1231;1040;1056;935;863;812;690
Powiat m. Gliwice;012414766000;1865;1756;1711;1639;1516;1528;1569;1406;1470;1529;1573;1749;1709;1902;1835;1839;1740;1760;1670;1664;1683;1718;1824;1689;1656;1579;1368;1276;1211;1093
Powiat m. Zabrze;012414778000;1874;1865;1783;1761;1683;1685;1677;1504;1483;1589;1597;1676;1677;1821;1805;1825;1574;1637;1561;1543;1464;1571;1694;1550;1466;1374;1190;1125;895;919
Powiat m. Chorzów;012414863000;1201;1147;1145;1040;1044;1030;1004;903;981;937;975;1093;1121;1161;1229;1159;1046;1074;1115;1052;1026;1017;1117;1060;978;871;859;703;663;609
Powiat m. Katowice;012414869000;3046;3092;2808;2644;2490;2490;2335;2362;2383;2431;2430;2583;2697;2772;2903;2960;2662;2700;2636;2539;2597;2749;2802;2768;2627;2519;2283;2096;2005;1762
Powiat m. Mysłowice;012414870000;836;725;672;693;655;589;643;637;636;646;705;668;740;808;829;804;760;742;720;753;717;741;824;785;727;681;636;565;494;418
Powiat m. Ruda Śląska;012414872000;1539;1480;1460;1485;1379;1403;1370;1313;1315;1342;1329;1376;1422;1597;1569;1561;1449;1497;1435;1420;1346;1338;1490;1444;1427;1218;1101;979;852;766
Powiat m. Siemianowice Śląskie;012414874000;716;728;623;609;628;611;606;605;571;634;614;620;671;717;731;689;702;657;585;691;634;696;657;667;594;539;490;466;423;366
Powiat m. Świętochłowice;012414876000;602;585;547;483;487;546;470;514;494;551;547;545;540;581;555;578;534;472;481;487;483;447;532;499;422;428;415;329;311;298
Powiat raciborski;012414911000;1221;1112;1142;1038;1015;1037;963;918;895;953;907;886;886;955;945;1016;924;1005;898;928;875;923;1017;930;991;813;756;710;617;599
Powiat rybnicki;012414912000;767;788;770;751;712;664;658;657;635;690;669;764;757;865;819;842;893;836;859;805;876;810;900;825;849;788;678;623;522;454
Powiat wodzisławski;012414915000;1766;1697;1635;1541;1536;1482;1390;1495;1378;1431;1478;1568;1605;1692;1751;1741;1685;1600;1506;1635;1518;1602;1641;1575;1504;1379;1225;1133;971;961
Powiat m. Jastrzębie-Zdrój;012414967000;1312;1266;1226;1097;1027;1014;941;953;909;903;889;968;994;1049;984;970;895;886;857;824;784;804;901;790;706;719;591;562;480;461
Powiat m. Rybnik;012414973000;1579;1488;1507;1443;1341;1327;1275;1289;1300;1314;1319;1447;1428;1529;1643;1621;1495;1511;1432;1449;1455;1488;1509;1410;1260;1243;1082;956;861;809
Powiat m. Żory;012414979000;685;688;724;688;675;675;693;612;633;678;714;722;687;751;767;752;691;676;657;710;609;664;658;617;567;547;515;486;451;404
Powiat będziński;012415001000;1220;1255;1178;1148;1102;1124;1089;1134;1130;1137;1239;1233;1281;1435;1424;1441;1395;1324;1317;1212;1199;1212;1238;1163;1100;1041;977;920;745;717
Powiat zawierciański;012415016000;1266;1225;1140;1164;1091;1083;1017;982;1005;1027;1018;1044;1087;1203;1144;1109;1112;1099;1013;982;952;1032;996;918;866;851;754;729;666;523
Powiat m. Dąbrowa Górnicza;012415065000;1048;1040;952;974;982;1018;989;997;975;992;1054;1084;1165;1280;1208;1313;1097;1114;997;1039;1007;1042;1033;986;916;864;770;600;539;560
Powiat m. Jaworzno;012415068000;980;949;882;908;786;818;812;809;766;788;820;781;882;900;920;951;865;900;811;831;812;854;896;771;805;726;658;593;477;484
Powiat m. Sosnowiec;012415075000;1910;2009;1860;1748;1647;1767;1718;1563;1671;1697;1667;1815;1872;2012;1984;1890;1790;1839;1668;1636;1614;1614;1632;1645;1449;1360;1291;1168;1001;894
Powiat mikołowski;012415108000;941;980;883;815;839;801;785;779;755;863;848;908;964;1016;1061;1089;1043;983;975;1039;1024;1036;1103;1112;992;993;862;760;692;610
Powiat pszczyński;012415110000;1215;1243;1213;1188;1125;1140;1120;1056;1014;1053;1058;1136;1225;1263;1415;1375;1312;1312;1305;1287;1314;1322;1380;1311;1280;1136;1100;992;875;782
Powiat bieruńsko-lędziński;012415114000;586;573;513;559;516;563;565;508;521;519;541;526;552;640;689;689;670;630;663;713;599;654;732;659;589;599;586;466;404;362
Powiat m. Tychy;012415177000;1237;1263;1130;1203;1139;1084;1104;1154;1134;1217;1241;1250;1333;1463;1430;1483;1326;1351;1309;1319;1290;1282;1323;1210;1218;1042;950;881;702;726
Powiat gorzowski;020811301000;782;751;775;689;704;635;700;631;665;727;678;684;668;819;807;796;718;758;705;690;649;664;700;642;606;607;607;495;476;456
Powiat międzyrzecki;020811303000;766;693;632;599;601;549;597;504;539;529;575;598;607;645;664;604;653;598;555;564;547;581;585;560;501;447;435;393;347;321
Powiat słubicki;020811305000;570;576;571;555;508;482;460;450;478;477;534;544;535;559;578;519;483;497;442;481;423;417;463;400;456;399;342;318;295;261
Powiat strzelecko-drezdenecki;020811306000;658;674;594;574;570;539;563;524;505;540;540;583;596;586;592;605;542;537;534;500;490;479;485;480;472;398;381;305;295;277
Powiat sulęciński;020811307000;488;403;444;423;376;347;358;392;344;360;407;359;400;470;416;424;401;365;399;378;313;361;368;321;332;334;255;249;205;188
Powiat m. Gorzów Wielkopolski;020811361000;1201;1174;1101;1150;1121;1088;1062;1033;1050;1099;1179;1266;1240;1306;1371;1218;1242;1250;1127;1095;1158;1181;1250;1170;1117;1052;891;890;811;687
Powiat krośnieński;020811402000;738;766;745;722;670;625;625;540;535;558;557;604;594;600;622;606;556;536;493;541;533;494;546;526;433;425;395;389;331;295
Powiat nowosolski;020811404000;1608;1515;1502;1495;1399;1339;1365;897;844;868;898;916;977;996;1042;994;930;926;824;822;794;773;843;809;755;730;646;617;566;521
Powiat świebodziński;020811408000;725;684;690;644;639;612;563;574;536;558;589;604;625;647;660;604;624;609;583;579;562;578;636;542;556;513;513;421;416;389
Powiat zielonogórski;020811409000;1097;1026;1017;1025;885;929;883;823;791;858;822;892;1004;995;1045;1006;943;937;896;989;723;791;838;743;694;715;663;581;538;473
Powiat żagański;020811410000;1017;940;974;929;853;891;873;797;783;772;725;847;906;953;914;842;754;825;700;713;670;765;749;668;652;627;552;471;404;362
Powiat żarski;020811411000;1260;1241;1253;1114;1132;1035;1019;953;945;994;927;1037;1052;1143;1128;1068;945;964;916;877;824;915;976;842;772;803;677;623;538;515
Powiat wschowski;020811412000;;;;;;;;455;356;470;427;405;438;488;418;493;414;440;402;412;414;408;420;366;354;332;299;251;277;213
Powiat m. Zielona Góra;020811462000;1096;1100;1013;976;921;941;921;867;908;1047;1057;1084;1154;1144;1242;1160;1216;1125;1161;1075;1320;1327;1441;1398;1336;1252;1269;1087;1000;892
Powiat jarociński;023015706000;891;868;854;811;811;771;787;715;697;697;779;764;814;860;868;886;807;789;791;805;779;749;824;779;750;709;697;604;575;558
Powiat kaliski;023015707000;1059;1020;1049;936;960;879;921;851;835;772;856;797;822;948;951;885;876;846;889;927;861;873;942;858;886;839;752;691;643;601
Powiat kępiński;023015708000;668;688;669;660;630;652;581;587;561;602;581;654;612;654;633;699;631;614;603;623;588;615;649;623;587;564;558;512;504;460
Powiat krotoszyński;023015712000;1027;963;948;961;910;882;838;799;822;773;821;861;857;935;995;931;909;842;883;858;838;870;897;844;799;768;750;671;579;516
Powiat ostrowski;023015717000;1974;1871;1833;1706;1587;1631;1581;1600;1500;1530;1624;1622;1698;1776;1838;1788;1638;1637;1641;1627;1629;1711;1841;1652;1624;1504;1431;1357;1211;1128
Powiat ostrzeszowski;023015718000;737;697;692;660;671;600;654;594;558;552;587;597;611;690;656;631;618;564;570;564;586;569;585;587;573;602;534;501;496;417
Powiat pleszewski;023015720000;847;760;761;756;721;693;663;722;677;667;698;689;742;803;703;756;661;693;597;683;646;672;707;671;689;596;573;528;479;473
Powiat m. Kalisz;023015761000;1162;1094;1089;1062;1029;1058;954;932;949;865;1028;1005;1036;1018;1019;1014;953;926;903;851;870;864;876;908;809;771;723;617;601;488
Powiat gnieźnieński;023015803000;1721;1659;1656;1608;1497;1511;1515;1484;1391;1488;1511;1598;1658;1761;1708;1797;1637;1671;1597;1587;1483;1580;1697;1546;1600;1418;1320;1207;1077;1028
Powiat kolski;023015809000;1159;1136;1114;1087;1014;1013;912;942;862;870;910;889;967;1012;1047;1032;916;976;854;875;786;835;827;755;805;724;694;623;572;457
Powiat koniński;023015810000;1751;1792;1675;1616;1517;1506;1439;1367;1315;1337;1335;1400;1432;1559;1482;1377;1351;1383;1337;1257;1260;1279;1356;1437;1262;1162;1184;1018;978;828
Powiat słupecki;023015823000;755;764;749;731;645;699;657;582;601;603;582;625;631;686;677;693;663;604;579;616;597;638;566;614;575;570;488;471;411;394
Powiat turecki;023015827000;1079;1091;1042;949;962;898;857;891;859;819;932;850;952;1021;1043;1006;902;922;884;875;846;853;912;863;816;724;729;730;581;558
Powiat wrzesiński;023015830000;894;848;880;857;862;809;781;791;709;784;747;855;907;913;980;943;880;848;753;881;818;811;899;855;842;849;743;705;611;649
Powiat m. Konin;023015862000;940;917;827;868;815;759;744;659;699;679;719;756;731;814;806;827;710;657;611;660;605;652;623;626;598;536;451;423;390;315
Powiat gostyński;023015904000;997;940;955;874;830;843;806;808;822;786;804;851;832;964;966;962;872;941;825;860;859;851;975;952;902;860;750;739;629;567
Powiat grodziski;023015905000;703;688;688;619;626;576;586;552;546;597;573;617;606;658;664;680;645;583;611;599;657;673;712;684;656;641;552;519;500;464
Powiat kościański;023015911000;1036;928;900;925;869;843;791;772;791;708;736;803;830;910;895;970;937;855;816;860;874;905;929;955;879;814;791;696;658;595
Powiat leszczyński;023015913000;620;628;604;586;585;599;583;557;568;551;580;576;618;705;671;691;649;630;595;638;589;630;729;643;651;694;655;542;501;495
Powiat międzychodzki;023015914000;495;482;421;477;431;396;406;362;419;389;412;408;473;448;468;450;414;398;408;395;408;401;390;404;350;353;343;304;299;249
Powiat nowotomyski;023015915000;946;872;891;810;837;797;882;768;750;779;869;839;900;1004;984;931;848;882;883;925;912;871;933;885;868;829;755;685;624;620
Powiat rawicki;023015922000;730;714;716;710;629;682;661;650;659;609;718;688;786;747;709;785;642;681;668;609;602;644;703;656;636;673;531;546;437;460
Powiat wolsztyński;023015929000;756;776;720;682;684;651;651;643;625;671;633;674;688;724;682;709;660;672;685;667;651;682;694;730;738;673;595;559;492;438
Powiat m. Leszno;023015963000;676;664;649;666;594;672;583;574;635;601;652;634;633;733;798;747;694;672;649;647;615;650;730;657;608;576;550;523;428;412
Powiat chodzieski;023016001000;568;532;600;558;556;527;493;510;480;528;543;503;560;581;572;577;517;493;453;463;469;413;491;473;463;413;350;340;304;265
Powiat czarnkowsko-trzcianecki;023016002000;1175;1123;1074;1089;1030;983;1003;922;931;943;907;982;1075;1156;1125;1041;954;985;881;925;921;894;935;864;850;803;678;639;578;558
Powiat pilski;023016019000;1713;1770;1626;1525;1499;1444;1388;1461;1450;1463;1452;1497;1593;1631;1611;1599;1435;1410;1354;1285;1279;1343;1411;1340;1259;1201;1045;935;852;816
Powiat wągrowiecki;023016028000;881;853;859;874;791;801;779;760;745;698;763;833;869;911;962;859;780;813;786;726;764;771;843;776;728;742;647;609;578;498
Powiat złotowski;023016031000;942;950;910;856;903;847;791;754;779;749;779;761;829;828;853;824;734;721;721;714;676;761;756;700;677;632;614;502;438;432
Powiat obornicki;023016116000;688;712;712;634;657;664;710;601;640;638;657;661;741;777;753;775;733;700;655;671;668;682;698;701;604;607;585;473;460;433
Powiat poznański;023016121000;2812;2805;2721;2652;2628;2667;2735;2522;2704;2985;3088;3375;3595;4078;4102;4354;4242;4188;4129;4266;4574;4965;5262;5071;5014;4942;4786;4467;3874;3643
Powiat szamotulski;023016124000;991;964;967;983;892;885;973;841;854;854;927;962;1057;1116;1043;1162;1014;1029;943;993;985;983;1074;996;972;928;861;740;767;667
Powiat średzki;023016125000;642;709;659;600;606;573;581;569;533;559;544;572;653;705;684;727;626;685;667;708;689;705;764;737;730;703;692;605;527;521
Powiat śremski;023016126000;767;786;681;717;663;695;640;649;632;572;678;685;725;739;758;756;695;726;669;697;707;683;800;696;662;660;583;538;491;451
Powiat m. Poznań;023016264000;4941;4917;4741;4654;4597;4619;4693;4322;4829;4857;5274;5557;5581;6060;6176;6045;5839;5797;5671;5663;5669;6159;6420;6240;5997;5805;5522;4859;4387;3999
Powiat białogardzki;023216301000;658;666;647;597;539;510;544;463;512;466;499;502;546;598;569;570;476;439;442;430;441;438;448;414;424;384;316;285;277;260
Powiat kołobrzeski;023216308000;938;894;805;815;817;798;731;689;680;728;713;690;776;787;810;770;706;724;666;621;699;746;726;665;672;604;541;487;450;435
Powiat koszaliński;023216309000;904;875;827;762;786;723;694;699;617;649;628;702;687;686;745;715;637;633;615;642;589;628;658;632;512;522;511;405;393;352
Powiat sławieński;023216313000;801;788;723;670;652;674;628;619;598;586;580;666;606;648;589;605;603;598;565;582;473;512;556;505;484;455;386;369;302;290
Powiat m. Koszalin;023216361000;994;956;879;940;881;843;815;786;842;915;846;879;928;942;945;972;985;971;856;924;888;978;1082;1062;1054;908;891;774;711;621
Powiat choszczeński;023216402000;744;628;595;600;582;530;554;489;526;532;561;550;525;581;612;535;466;508;488;482;454;433;443;410;400;372;348;296;271;229
Powiat drawski;023216403000;791;767;808;683;714;706;656;626;544;609;581;564;704;600;656;628;568;649;575;602;532;559;525;500;479;428;383;323;312;287
Powiat myśliborski;023216410000;869;892;781;736;741;734;703;648;683;700;748;675;709;782;724;779;679;655;651;591;558;624;585;557;508;546;434;375;355;334
Powiat pyrzycki;023216412000;525;539;499;483;448;449;437;408;373;419;411;447;441;454;465;418;406;374;395;360;349;371;368;353;322;289;280;254;200;239
Powiat szczecinecki;023216415000;1090;997;1011;893;865;803;849;804;756;769;771;816;803;864;847;796;766;725;678;677;636;619;714;658;616;587;537;499;439;374
Powiat świdwiński;023216416000;679;636;583;561;536;537;545;497;517;462;541;518;505;569;559;510;432;440;449;426;436;442;464;339;350;324;293;302;237;217
Powiat wałecki;023216417000;774;730;702;691;609;667;621;621;619;576;576;571;600;595;592;576;551;524;480;523;515;479;471;467;438;420;386;329;293;255
Powiat łobeski;023216418000;;;;;;;;397;415;408;377;426;395;496;447;420;373;381;360;375;359;346;368;320;292;262;273;245;204;150
Powiat m. Szczecin;023216562000;3615;3581;3411;3246;3160;3298;3173;3091;3275;3327;3422;3411;3701;3986;3848;3744;3455;3546;3362;3572;3561;3723;3941;3861;3669;3504;3423;3227;2852;2588
Powiat goleniowski;023216604000;1080;1044;988;987;939;977;900;795;820;850;822;803;903;926;891;912;830;794;817;817;776;849;846;782;757;715;712;621;573;538
Powiat gryficki;023216605000;967;1000;908;861;851;869;776;635;643;609;641;659;649;724;712;675;614;598;601;558;556;568;581;556;508;463;425;390;328;310
Powiat gryfiński;023216606000;1068;1088;1015;991;953;898;896;899;809;820;835;869;897;981;903;899;834;798;853;776;753;742;766;737;649;556;571;509;449;412
Powiat kamieński;023216607000;553;575;555;466;485;474;462;466;480;453;438;477;480;499;527;461;410;428;395;401;333;388;400;382;395;338;293;299;264;235
Powiat policki;023216611000;661;682;657;653;559;563;630;601;572;609;660;681;722;811;740;777;730;746;774;775;767;764;791;723;633;679;633;558;484;508
Powiat stargardzki;023216614000;1778;1683;1609;1516;1503;1549;1437;1204;1134;1164;1157;1169;1179;1338;1323;1246;1160;1148;1137;1108;1161;1153;1204;1152;1142;1076;930;850;828;749
Powiat m. Świnoujście;023216663000;383;381;323;334;309;279;333;280;281;275;301;336;352;324;344;332;321;291;266;288;252;326;339;314;310;298;284;257;225;193
Powiat bolesławiecki;030210101000;1031;1001;992;913;876;915;844;818;845;810;851;857;887;982;983;918;871;860;773;835;801;850;888;837;796;747;714;672;592;518
Powiat jaworski;030210105000;643;627;595;566;548;512;471;462;427;473;494;457;490;576;514;547;468;488;418;454;441;445;479;412;423;406;356;329;266;226
Powiat karkonoski;030210106000;689;665;633;610;547;603;555;546;520;590;572;572;585;653;593;564;527;554;463;507;516;472;484;451;422;440;348;329;268;216
Powiat kamiennogórski;030210107000;593;574;561;491;476;514;484;494;456;408;473;444;459;477;474;457;400;386;315;344;358;357;371;333;302;294;257;230;185;197
Powiat lubański;030210110000;761;665;689;613;605;556;554;522;524;543;518;497;549;589;573;515;484;455;446;481;435;437;437;423;406;367;379;306;259;234
Powiat lwówecki;030210112000;589;578;559;537;487;459;492;422;407;427;443;443;448;475;410;429;424;411;390;396;411;399;386;375;336;350;259;283;215;204
Powiat zgorzelecki;030210125000;1150;1062;1000;996;925;905;970;797;870;862;864;864;894;944;920;916;839;823;765;767;731;743;717;693;626;579;520;533;420;378
Powiat złotoryjski;030210126000;540;560;479;502;466;420;399;431;386;426;403;458;511;477;477;496;451;449;383;373;371;381;409;357;345;293;272;261;218;195
Powiat m. Jelenia Góra;030210161000;807;779;733;727;618;668;657;633;642;631;656;674;687;710;744;729;625;627;641;651;649;583;663;594;626;553;532;440;424;333
Powiat głogowski;030210203000;1046;1031;1003;927;992;934;895;891;816;867;963;1006;1002;1068;1066;1059;954;960;831;885;826;830;817;747;757;709;678;573;488;507
Powiat górowski;030210204000;572;486;499;453;438;460;429;450;408;355;410;397;409;441;399;426;382;381;341;385;329;320;343;324;325;255;263;215;201;200
Powiat legnicki;030210209000;651;646;561;559;571;518;524;503;464;474;501;535;538;605;594;583;523;540;475;542;517;525;561;509;471;478;410;405;348;352
Powiat lubiński;030210211000;1158;1251;1100;1084;1009;1034;951;977;928;1021;1054;1087;1077;1137;1116;1122;1087;1026;999;1028;952;1028;1018;1032;973;922;903;731;648;618
Powiat polkowicki;030210216000;843;846;768;727;695;690;685;631;593;648;632;649;705;748;761;738;685;646;669;646;615;662;688;654;604;575;539;533;442;379
Powiat m. Legnica;030210262000;1060;1086;1030;967;927;929;896;904;866;865;896;934;1040;1024;1011;1053;930;938;866;857;990;963;1000;974;868;830;762;704;677;544
Powiat dzierżoniowski;030210302000;1109;1061;996;1000;965;884;916;873;833;890;852;850;983;966;954;956;898;894;825;868;843;843;854;798;756;695;648;591;481;466
Powiat kłodzki;030210308000;1867;1777;1737;1627;1607;1508;1527;1381;1382;1339;1504;1407;1479;1583;1615;1496;1439;1377;1249;1355;1191;1151;1297;1172;1099;1052;918;859;672;645
Powiat świdnicki;030210319000;1746;1712;1693;1602;1514;1499;1453;1353;1355;1456;1446;1459;1479;1625;1681;1559;1473;1450;1423;1418;1313;1386;1485;1303;1300;1177;1131;1017;907;852
Powiat wałbrzyski;030210321000;668;636;582;565;531;556;543;508;1454;1483;1513;1513;1597;1712;1632;1617;1460;1433;415;455;442;417;407;443;415;388;333;315;257;223
Powiat ząbkowicki;030210324000;794;791;737;673;675;598;649;647;588;565;567;587;599;633;702;612;626;537;550;561;493;468;526;497;471;406;398;386;342;296
Powiat m. Wałbrzych do 2002;030210363000;1242;1242;1130;1117;1045;1037;1037;1001;;;;;;;;;;;;;;;;;;;;;;
Powiat m. Wałbrzych od 2013;030210365000;;;;;;;;;;;;;;;;;;;870;919;833;860;885;844;769;780;625;634;518;455
Powiat milicki;030210413000;456;448;440;406;403;424;452;380;417;396;424;413;463;466;476;429;401;413;379;416;381;334;403;418;366;321;311;254;238;230
Powiat oleśnicki;030210414000;1161;1241;1223;1048;1080;1039;1062;1042;969;1004;1016;1049;1026;1216;1170;1222;1105;1048;1033;1109;1057;1110;1118;1116;1090;1029;977;930;800;705
Powiat oławski;030210415000;751;773;798;720;710;793;669;660;562;697;689;720;739;819;825;836;779;782;706;706;757;831;809;724;773;743;715;724;639;569
Powiat strzeliński;030210417000;549;485;490;479;467;452;425;393;411;390;374;417;406;440;438;478;407;451;386;412;429;438;465;392;391;377;334;340;247;255
Powiat średzki;030210418000;615;553;519;555;478;473;482;446;428;458;482;511;501;560;569;552;526;531;489;520;457;512;552;529;581;491;533;522;445;436
Powiat trzebnicki;030210420000;941;909;852;835;789;783;787;736;706;800;772;804;861;911;911;874;829;850;787;767;772;834;869;829;807;783;733;680;649;603
Powiat wołowski;030210422000;550;524;514;472;411;449;463;426;405;404;420;432;459;459;511;445;465;452;474;430;409;489;475;473;402;391;366;342;267;285
Powiat wrocławski;030210423000;973;985;979;999;960;883;837;876;791;911;951;1031;1082;1277;1329;1367;1352;1351;1355;1500;1482;1678;1817;1971;1935;2028;2070;1855;1700;1701
Powiat m. Wrocław;030210564000;4891;4980;4898;4803;4548;4567;4588;4236;4506;4722;4979;5485;5636;6274;6378;6554;6250;6126;6089;6587;6457;7106;7178;7566;7487;7254;7147;6734;5711;5372
Powiat brzeski;031613101000;1099;1123;1046;1040;964;923;904;786;835;818;851;870;920;1006;998;955;879;924;774;807;790;812;837;824;746;686;640;573;544;476
Powiat głubczycki;031613102000;591;585;576;540;487;464;466;460;421;455;444;429;427;486;466;458;400;415;386;382;353;371;373;369;331;294;326;245;249;196
Powiat namysłowski;031613106000;485;515;483;457;475;448;428;400;368;380;421;414;401;470;476;448;414;403;375;364;367;434;427;418;405;390;351;302;279;229
Powiat nyski;031613107000;1678;1690;1627;1479;1438;1383;1337;1224;1197;1181;1221;1177;1227;1323;1352;1268;1212;1234;1051;1105;976;1113;1151;1059;1008;959;814;810;705;647
Powiat prudnicki;031613110000;652;641;618;605;548;577;529;508;479;514;497;511;508;519;530;540;547;481;461;504;464;471;471;515;489;422;424;327;330;296
Powiat kędzierzyńsko-kozielski;031613203000;1007;1056;1023;972;946;833;840;799;799;776;788;812;787;882;822;840;763;836;739;811;766;752;824;720;713;702;612;569;519;472
Powiat kluczborski;031613204000;797;804;719;735;707;695;648;586;561;564;585;567;588;548;594;591;559;566;532;558;539;592;589;512;526;511;457;449;412;358
Powiat krapkowicki;031613205000;740;699;697;651;590;639;527;557;527;514;575;556;511;551;561;526;548;567;555;580;533;547;596;542;571;483;455;414;400;349
Powiat oleski;031613208000;727;767;728;656;673;663;630;593;527;510;557;528;547;576;588;582;559;594;572;607;551;558;644;565;598;522;506;493;438;386
Powiat opolski;031613209000;1379;1249;1194;1185;1141;1074;1021;1025;933;979;953;975;947;1088;1093;1123;1142;1139;1091;1124;1139;1129;1130;1079;1090;1064;984;893;839;743
Powiat strzelecki;031613211000;845;853;776;769;752;751;648;652;577;579;607;599;610;642;656;694;653;706;714;678;738;697;684;712;691;638;610;582;523;423
Powiat m. Opole;031613261000;1048;1041;1019;1013;951;919;949;862;923;934;997;1022;1020;1086;1144;1138;1010;1074;977;1073;1073;1158;1357;1281;1325;1280;1106;1131;939;835
Powiat bydgoski;040410603000;1093;1097;999;992;1001;928;1015;917;981;985;1042;1058;1086;1219;1176;1170;1124;1152;1043;1048;1022;1120;1154;1119;1126;1103;1000;934;829;742
Powiat toruński;040410615000;1096;1091;1027;1029;1008;1022;981;972;985;1020;1041;1078;1072;1263;1103;1217;1091;1066;1086;1063;1092;1154;1141;1088;1207;1024;979;897;828;733
Powiat m. Bydgoszcz;040410661000;3658;3545;3445;3352;3166;3061;3165;3052;3010;3032;3098;3213;3486;3527;3544;3514;3251;3198;3169;3256;3095;3239;3418;3236;3071;2822;2782;2474;2160;2000
Powiat m. Toruń;040410663000;2036;1950;1889;1897;1808;1930;1887;1772;1771;1776;1882;1941;1975;2081;2164;2091;1969;2007;1828;1916;1949;2100;2110;2020;1962;1907;1681;1517;1367;1235
Powiat brodnicki;040410702000;1054;1039;1010;889;923;906;846;831;840;820;823;914;943;957;1034;958;917;866;856;867;866;893;909;913;891;840;839;733;601;557
Powiat chełmiński;040410704000;672;686;663;618;576;629;583;570;516;594;581;530;578;649;639;623;576;579;509;557;443;498;539;519;449;443;395;319;337;259
Powiat golubsko-dobrzyński;040410705000;628;684;635;600;561;531;527;531;502;481;497;475;476;510;541;512;493;504;484;456;412;440;502;452;505;432;374;361;305;296
Powiat grudziądzki;040410706000;572;568;544;539;529;502;491;457;448;420;478;526;519;538;453;478;458;491;406;455;403;383;407;420;339;354;302;311;288;214
Powiat rypiński;040410712000;633;622;568;564;505;556;525;460;501;483;511;539;499;598;517;550;505;500;480;455;404;390;506;427;391;381;327;286;308;244
Powiat wąbrzeski;040410717000;476;486;513;417;384;385;437;355;394;349;338;381;362;435;427;390;366;387;346;352;353;340;339;338;317;272;272;279;196;212
Powiat m. Grudziądz;040410762000;1048;1068;990;884;954;970;929;895;898;884;862;977;999;1103;1056;1069;951;878;883;905;865;884;937;855;881;711;677;669;578;532
Powiat aleksandrowski;040410801000;699;673;642;611;616;605;568;503;571;594;538;551;583;560;628;567;522;509;514;475;497;480;542;471;461;459;395;419;357;342
Powiat lipnowski;040410808000;1004;1073;1043;953;881;899;829;744;727;748;742;807;810;793;860;815;745;754;685;725;682;657;711;640;590;591;576;528;463;422
Powiat radziejowski;040410811000;607;608;516;493;464;493;424;414;405;392;409;419;422;476;443;426;388;375;393;401;342;378;340;372;383;350;314;259;279;217
Powiat włocławski;040410818000;1136;1105;1094;1071;951;959;855;863;835;842;869;840;847;927;880;849;866;834;744;795;733;749;781;743;695;685;620;554;543;497
Powiat m. Włocławek;040410864000;1268;1261;1257;1215;1146;1070;1066;1132;1072;1049;994;1044;1041;1100;1138;1114;970;933;929;889;860;916;926;905;886;791;772;568;526;486
Powiat inowrocławski;040416707000;2000;1951;1871;1716;1685;1648;1575;1515;1514;1511;1478;1612;1590;1645;1754;1650;1548;1481;1418;1463;1365;1365;1520;1383;1376;1298;1184;1072;927;804
Powiat mogileński;040416709000;582;629;593;550;566;522;484;444;456;453;478;438;544;518;479;516;464;478;415;444;428;437;481;458;440;431;371;330;306;256
Powiat nakielski;040416710000;1216;1169;1100;1004;1069;939;974;928;947;945;951;1011;1002;1098;1088;1069;967;984;964;845;847;854;863;872;822;789;730;614;590;478
Powiat żniński;040416719000;910;888;914;852;839;792;743;763;729;724;745;694;784;827;818;779;785;714;709;714;695;671;788;677;670;613;554;479;435;408
Powiat sępoleński;040416813000;562;573;595;532;520;502;476;441;452;431;470;525;522;565;557;495;443;452;453;397;376;378;437;393;382;330;331;313;246;243
Powiat świecki;040416814000;1275;1315;1210;1162;1141;1111;1063;1042;1056;1033;1093;1034;1113;1204;1158;1166;1036;1045;1032;1034;996;1003;1024;1013;978;914;790;723;688;592
Powiat tucholski;040416816000;690;670;644;600;591;550;576;542;524;502;536;535;561;660;602;578;536;577;507;519;465;511;525;552;520;473;444;422;365;341
Powiat gdański;042214004000;906;956;949;915;875;899;845;817;851;874;920;992;1031;1231;1156;1248;1223;1289;1219;1271;1347;1373;1524;1394;1500;1373;1288;1104;1111;1017
Powiat kartuski;042214005000;1616;1685;1553;1501;1537;1490;1470;1448;1495;1528;1572;1559;1678;1754;1740;1865;1758;1795;1734;1772;1858;2019;2334;2233;2268;2172;2121;1888;1926;1691
Powiat nowodworski;042214010000;482;518;479;437;448;421;422;364;389;372;343;376;400;404;423;430;366;396;346;361;342;343;339;284;323;270;265;243;212;202
Powiat pucki;042214011000;1007;1004;963;907;926;920;899;870;863;897;904;947;1021;1055;1025;1003;1018;988;889;907;884;925;1041;1034;948;933;902;785;707;736
Powiat wejherowski;042214015000;2318;2193;2238;2223;2151;2115;2132;2112;1971;2169;2248;2281;2445;2767;2777;2857;2755;2685;2623;2641;2644;2835;3024;2858;2795;2660;2546;2330;2136;2085
Powiat bytowski;042214101000;1101;1146;1067;1050;1040;1028;1004;889;902;919;844;917;943;1022;1047;983;899;912;928;953;886;907;1055;1009;856;855;809;689;651;628
Powiat lęborski;042214108000;859;860;873;831;775;773;758;731;711;668;693;747;770;815;801;792;730;726;701;725;656;670;725;730;668;639;598;527;505;440
Powiat słupski;042214112000;1228;1268;1203;1108;1125;1131;1128;1027;1005;955;1008;1050;1117;1233;1133;1126;1063;1000;977;1007;918;944;963;982;889;895;775;744;676;538
Powiat m. Słupsk;042214163000;993;1006;966;875;899;843;814;788;802;816;839;882;867;962;892;865;817;793;776;761;771;818;865;799;777;701;672;653;550;505
Powiat kwidzyński;042214207000;1065;1068;1051;996;977;985;937;921;962;938;982;1010;965;1046;1117;965;937;907;821;831;785;813;861;834;833;724;696;585;499;463
Powiat malborski;042214209000;1368;1334;1375;1244;1239;1220;1188;638;600;616;651;630;701;737;715;733;646;648;555;634;612;575;625;607;582;553;490;448;366;384
Powiat starogardzki;042214213000;1611;1603;1648;1626;1395;1449;1464;1313;1325;1370;1480;1400;1571;1699;1601;1618;1519;1518;1361;1405;1331;1396;1462;1457;1378;1345;1229;1139;984;943
Powiat tczewski;042214214000;1477;1332;1399;1291;1299;1277;1355;1261;1221;1222;1262;1367;1478;1480;1563;1447;1275;1305;1238;1250;1176;1179;1331;1189;1153;1079;1037;955;794;704
Powiat sztumski;042214216000;;;;;;;;484;434;497;465;487;510;519;571;510;448;497;463;422;457;386;405;358;380;336;299;271;215;202
Powiat m. Gdańsk;042214361000;4277;4099;4190;4013;3966;3797;3960;3722;3939;4020;4193;4301;4541;4839;4998;4842;4422;4512;4432;4656;4930;5492;5611;5595;5559;5331;5161;4690;4224;3877
Powiat m. Gdynia;042214362000;2306;2241;2133;2183;2035;2151;2126;2054;2185;2183;2167;2328;2359;2554;2476;2388;2238;2263;2150;2233;2300;2318;2278;2241;2268;1989;1987;1722;1592;1464
Powiat m. Sopot;042214364000;331;306;302;283;238;241;263;240;248;268;270;267;285;296;293;316;284;253;299;293;257;282;260;247;248;226;199;169;142;116
Powiat chojnicki;042217202000;1314;1266;1226;1191;1168;1139;1084;1036;1059;1052;1103;1127;1176;1321;1300;1239;1164;1026;992;1075;1058;1109;1247;1213;1142;1068;1029;959;809;739
Powiat człuchowski;042217203000;822;833;794;706;667;651;666;651;624;632;629;665;636;698;678;679;584;605;606;568;524;533;594;536;541;507;453;404;355;300
Powiat kościerski;042217206000;908;927;977;920;928;888;876;918;827;833;857;926;980;998;1037;984;913;934;828;845;860;948;937;898;933;839;779;688;672;587
Powiat braniewski;042815402000;605;628;610;599;552;519;502;487;481;444;431;408;446;492;501;462;430;454;435;401;364;381;412;379;376;350;262;253;197;210
Powiat działdowski;042815403000;931;953;975;871;820;769;830;775;719;729;739;758;796;811;864;777;726;752;724;663;650;638;701;637;596;577;522;523;441;407
Powiat elbląski;042815404000;834;791;801;771;709;671;665;641;661;614;670;614;673;668;661;662;628;597;614;591;568;562;556;512;550;482;414;353;282;324
Powiat iławski;042815407000;1249;1237;1207;1098;1141;1119;1144;1015;1032;1040;1042;1074;1118;1161;1136;1098;1066;1016;928;986;916;931;1039;1039;951;857;790;723;568;647
Powiat nowomiejski;042815412000;613;647;632;597;580;585;577;527;523;512;457;552;525;601;574;623;548;550;498;491;490;485;484;505;489;451;348;333;345;302
Powiat ostródzki;042815415000;1454;1435;1379;1291;1253;1282;1149;1103;1116;1138;1136;1157;1197;1276;1223;1225;1103;1089;1069;1062;982;1023;1052;1062;951;859;801;729;559;505
Powiat m. Elbląg;042815461000;1388;1373;1299;1204;1198;1222;1198;1092;1098;1105;1104;1173;1175;1197;1306;1170;1080;1043;939;994;906;1002;1120;961;943;872;756;753;663;617
Powiat ełcki;042815505000;1105;1081;1034;1021;974;921;885;957;869;884;895;900;954;1011;1038;978;885;862;788;874;859;788;964;863;897;862;729;665;564;574
Powiat giżycki;042815506000;1055;1067;1011;937;894;868;857;565;550;564;580;581;598;618;644;567;538;510;497;486;517;488;541;505;476;426;408;369;322;297
Powiat olecki;042815513000;790;818;777;733;660;684;646;409;388;381;427;413;377;438;392;396;373;386;380;349;343;385;376;316;327;286;242;282;229;197
Powiat piski;042815516000;827;843;778;778;754;661;679;639;648;609;615;626;651;634;696;609;580;534;513;548;537;502;534;541;512;491;401;414;349;325
Powiat gołdapski;042815518000;;;;;;;;275;294;293;306;288;353;355;347;330;319;331;299;245;295;265;273;264;254;228;193;174;157;141
Powiat węgorzewski;042815519000;;;;;;;;212;221;221;227;213;228;232;265;217;245;207;226;223;204;182;188;177;179;167;149;133;117;105
Powiat bartoszycki;042815601000;755;766;728;730;745;672;678;653;609;627;587;652;654;678;664;663;581;580;509;572;473;497;566;547;490;453;381;331;260;290
Powiat kętrzyński;042815608000;879;829;754;734;661;707;655;642;661;651;620;651;665;721;713;666;691;614;572;604;510;543;562;492;439;450;391;337;268;232
Powiat lidzbarski;042815609000;569;578;535;492;470;482;473;453;435;401;401;432;455;474;453;479;401;404;371;403;387;391;408;345;320;323;279;248;204;195
Powiat mrągowski;042815610000;645;661;616;586;597;543;534;538;508;514;524;537;585;564;566;544;469;513;427;486;431;439;436;474;459;366;313;291;268;249
Powiat nidzicki;042815611000;531;497;520;446;436;406;439;437;378;393;401;380;385;430;399;349;351;369;320;357;298;328;361;330;288;262;223;241;221;166
Powiat olsztyński;042815614000;1402;1486;1334;1311;1283;1260;1145;1159;1139;1134;1274;1291;1271;1356;1349;1329;1244;1190;1226;1245;1161;1236;1350;998;1019;1161;956;906;763;786
Powiat szczycieński;042815617000;1030;982;948;871;866;813;833;792;793;752;806;775;790;833;845;819;773;695;663;685;594;681;694;692;658;631;538;497;415;408
Powiat m. Olsztyn;042815662000;1500;1484;1433;1385;1397;1428;1469;1431;1373;1507;1534;1619;1720;1789;1902;1808;1719;1634;1626;1693;1636;1696;1916;2048;1737;1554;1443;1358;1295;1100
Powiat łódzki wschodni;051011506000;1009;959;877;889;860;867;816;505;555;576;579;619;599;667;702;687;687;691;623;663;694;665;671;671;662;613;583;562;520;426
Powiat pabianicki;051011508000;1155;1093;1091;964;972;972;935;864;858;918;980;1000;1073;1107;1076;1098;1093;1129;1023;1055;1035;1045;1062;1070;987;951;929;827;803;666
Powiat zgierski;051011520000;1688;1622;1598;1437;1353;1402;1332;1328;1256;1356;1341;1443;1457;1510;1667;1686;1528;1521;1435;1383;1527;1456;1565;1482;1372;1333;1272;1199;1078;954
Powiat brzeziński;051011521000;;;;;;;;250;285;290;279;281;312;290;314;335;312;316;272;306;267;308;288;318;300;260;267;244;193;206
Powiat m. Łódź;051011661000;6149;5987;5848;5471;5344;5439;5561;5443;5557;5790;5851;5916;6008;6540;6892;6551;6258;6040;5690;5935;5771;6143;6273;6192;5850;5735;5429;5162;4601;4146
Powiat bełchatowski;051011701000;1289;1246;1222;1120;1067;1050;1033;970;981;1004;1098;1134;1237;1253;1308;1336;1212;1210;1204;1187;1145;1126;1231;1163;1123;1010;939;815;724;625
Powiat opoczyński;051011707000;1039;1095;1044;982;981;963;883;846;890;790;872;837;873;1019;932;938;802;858;792;734;755;767;811;803;729;685;621;584;563;500
Powiat piotrkowski;051011710000;1136;1172;1069;1049;1043;984;961;968;893;893;984;962;980;1020;1048;1036;992;947;936;920;862;901;956;930;907;856;772;710;665;577
Powiat radomszczański;051011712000;1433;1449;1344;1298;1222;1245;1212;1159;1121;1051;1042;1153;1135;1234;1167;1132;1054;1087;982;959;937;957;1044;1034;972;904;847;780;691;645
Powiat tomaszowski;051011716000;1376;1317;1351;1271;1256;1186;1094;1254;1079;1252;1149;1215;1274;1389;1331;1287;1191;1232;1050;1134;1096;1100;1137;1097;974;989;860;808;721;667
Powiat m. Piotrków Trybunalski;051011762000;857;892;783;835;764;803;697;789;710;779;772;750;816;814;835;782;686;741;659;740;670;678;679;658;564;572;527;494;429;421
Powiat łaski;051011803000;619;542;566;513;535;487;478;450;441;435;426;464;477;491;504;539;477;501;453;500;395;482;510;449;439;410;401;357;310;284
Powiat pajęczański;051011809000;690;733;688;599;664;608;533;515;472;497;493;542;512;538;469;531;519;521;470;464;479;488;497;463;463;451;400;365;287;297
Powiat poddębicki;051011811000;557;553;477;470;450;400;380;401;374;394;347;375;370;470;427;430;424;422;388;371;367;383;415;374;434;327;337;298;278;295
Powiat sieradzki;051011814000;1573;1601;1438;1432;1368;1317;1180;1192;1114;1248;1116;1168;1212;1270;1292;1259;1220;1165;1146;1147;1108;1127;1227;1151;1075;1068;1004;926;819;744
Powiat wieluński;051011817000;985;933;948;868;923;896;789;740;728;754;761;757;791;840;898;858;740;785;745;709;697;733;739;678;668;638;599;504;490;476
Powiat wieruszowski;051011818000;532;568;555;509;457;459;510;457;443;431;440;441;444;477;507;460;438;364;411;389;411;433;458;416;409;380;361;358;345;297
Powiat zduńskowolski;051011819000;756;817;754;690;651;694;605;662;668;638;627;706;687;715;728;750;657;697;651;606;574;615;664;638;566;579;480;460;364;368
Powiat kutnowski;051011902000;1186;1192;1065;1022;981;917;920;795;858;875;843;908;895;948;973;921;891;871;804;880;848;807;853;855;746;750;732;610;580;545
Powiat łęczycki;051011904000;668;660;698;594;564;537;530;501;459;472;497;532;521;547;566;503;534;460;484;461;453;443;478;440;407;438;404;367;345;320
Powiat łowicki;051011905000;1025;977;986;844;871;868;772;770;751;741;736;763;768;834;884;840;771;800;811;734;711;776;797;735;664;674;628;578;539;507
Powiat rawski;051011913000;620;609;602;549;543;543;489;490;472;500;512;528;503;549;565;549;531;530;526;494;456;488;521;502;474;500;414;399;385;333
Powiat skierniewicki;051011915000;496;502;474;431;427;417;441;359;367;357;389;398;440;417;427;456;399;450;402;417;370;354;400;387;389;378;378;352;316;274
Powiat m. Skierniewice;051011963000;488;487;411;427;467;415;401;438;444;432;470;503;485;573;540;562;536;513;463;516;485;519;506;511;470;390;383;404;337;278
Powiat kielecki;052615204000;2697;2668;2644;2569;2308;2239;2096;2013;1970;1960;2002;2042;2217;2253;2269;2289;2167;2182;2069;1988;2130;2121;2265;2149;2154;1960;1852;1779;1563;1376
Powiat konecki;052615205000;970;984;977;938;885;853;879;735;760;764;795;792;805;873;813;797;753;755;698;682;626;652;635;630;587;577;490;448;417;360
Powiat ostrowiecki;052615207000;1256;1285;1226;1252;1115;1091;1033;985;982;921;1005;955;999;997;1074;979;891;889;826;861;754;729;772;784;682;613;608;567;459;477
Powiat skarżyski;052615210000;805;801;770;691;674;721;659;628;611;621;635;568;674;703;702;680;620;626;575;638;584;546;536;555;521;445;403;365;326;273
Powiat starachowicki;052615211000;1184;1141;1067;1007;944;893;892;854;859;837;804;861;890;934;972;906;833;815;762;763;707;705;738;772;683;655;594;556;474;424
Powiat m. Kielce;052615261000;1954;1928;1815;1766;1730;1686;1738;1649;1628;1696;1645;1695;1747;1900;2037;1954;1848;1835;1684;1693;1707;1760;1850;1808;1681;1557;1505;1405;1244;1131
Powiat buski;052615301000;868;870;822;809;742;702;700;689;674;620;661;590;669;733;725;724;656;616;601;583;616;605;576;559;569;550;458;452;374;333
Powiat jędrzejowski;052615302000;1120;1115;1033;993;979;908;920;910;840;827;902;879;876;976;929;1017;875;891;809;812;793;821;813;794;682;707;557;596;523;446
Powiat kazimierski;052615303000;431;402;384;378;339;326;301;303;313;290;274;274;301;327;294;291;273;294;239;236;234;255;224;270;235;236;230;209;184;168
Powiat opatowski;052615306000;669;697;667;602;602;611;594;520;544;484;517;492;473;547;534;520;451;484;457;417;415;409;430;384;415;355;339;302;311;280
Powiat pińczowski;052615308000;509;537;450;492;419;425;438;416;357;361;346;348;355;399;356;354;376;344;353;310;315;312;350;319;318;299;261;247;220;199
Powiat sandomierski;052615309000;1014;997;934;903;836;830;786;800;814;716;736;698;742;818;793;707;689;675;616;655;607;640;648;638;600;593;571;467;417;351
Powiat staszowski;052615312000;1003;1012;948;954;848;794;816;785;714;688;693;670;748;777;789;760;733;689;630;682;677;656;638;616;721;591;522;470;434;388
Powiat włoszczowski;052615313000;639;564;589;495;473;533;517;493;472;489;462;485;475;499;454;467;435;415;401;436;414;399;440;443;372;350;327;294;292;266
Powiat bialski;060610901000;1636;1695;1550;1524;1463;1461;1304;1243;1216;1209;1238;1247;1214;1327;1307;1295;1194;1210;1145;1097;1097;1139;1137;1147;1019;988;903;843;749;733
Powiat parczewski;060610913000;421;488;480;445;390;417;411;384;379;340;370;379;358;374;409;373;390;411;324;373;355;343;341;345;335;283;245;240;203;182
Powiat radzyński;060610915000;891;859;851;806;767;782;731;668;703;682;692;704;688;683;720;676;685;653;578;621;585;584;615;605;623;504;504;417;418;355
Powiat włodawski;060610919000;495;518;479;501;423;475;420;371;371;409;409;402;428;444;431;430;411;389;347;396;336;375;393;364;311;295;254;234;202;196
Powiat m. Biała Podlaska;060610961000;657;656;670;663;587;598;596;571;518;531;536;568;587;594;621;654;576;581;536;559;561;576;665;580;544;534;459;418;399;376
Powiat biłgorajski;060611002000;1325;1308;1274;1221;1157;1211;1090;1024;1099;1101;1014;1039;1043;1104;1102;1050;974;1040;885;906;954;951;955;884;865;826;710;691;563;544
Powiat chełmski;060611003000;1056;1051;974;895;827;822;819;723;740;691;758;805;791;885;930;830;814;761;773;740;675;687;717;711;663;599;554;518;452;410
Powiat hrubieszowski;060611004000;926;981;889;858;775;773;781;654;637;668;667;640;655;693;695;653;601;605;546;570;530;477;514;489;458;387;372;333;287;248
Powiat krasnostawski;060611006000;886;892;877;789;764;748;718;661;655;646;688;593;592;642;603;562;569;558;547;470;534;467;559;510;456;431;418;361;297;287
Powiat tomaszowski;060611018000;1171;1173;1172;1070;1006;937;1058;851;871;896;810;834;879;927;857;892;843;830;747;752;666;702;656;682;622;581;550;496;408;400
Powiat zamojski;060611020000;1471;1402;1415;1275;1288;1157;1127;1085;1068;1054;1023;995;1080;1150;1047;1058;1019;980;917;852;825;855;930;911;860;799;736;669;625;531
Powiat m. Chełm;060611062000;640;694;624;602;553;577;595;563;551;544;564;617;624;647;668;642;566;566;528;511;517;480;539;483;452;415;386;345;317;279
Powiat m. Zamość;060611064000;757;698;724;684;625;635;616;547;583;592;595;607;608;638;715;631;547;572;540;554;580;551;528;502;509;504;436;391;325;313
Powiat lubartowski;060611108000;1189;1115;1101;1085;1035;997;1010;940;988;913;992;983;1001;1027;1002;987;1021;942;885;787;844;815;851;855;768;739;697;618;537;552
Powiat lubelski;060611109000;1695;1651;1576;1485;1520;1446;1374;1277;1346;1380;1438;1495;1517;1658;1530;1640;1493;1484;1500;1452;1463;1471;1626;1593;1542;1509;1307;1326;1159;1095
Powiat łęczyński;060611110000;766;723;682;656;612;624;586;576;587;603;576;558;610;653;656;655;658;646;628;650;639;626;695;644;638;598;484;429;390;403
Powiat świdnicki;060611117000;752;816;732;725;686;681;690;662;677;595;696;703;690;754;692;743;675;680;647;625;627;653;749;645;638;587;532;481;438;425
Powiat m. Lublin;060611163000;3314;3358;3328;3209;3239;3125;3116;2937;3066;3048;3208;3309;3341;3441;3747;3524;3471;3413;3171;3310;3459;3417;3582;3617;3615;3385;3263;2978;2638;2469
Powiat janowski;060611205000;692;673;640;583;575;565;528;508;524;481;467;463;482;519;484;451;440;431;408;403;417;414;408;413;406;347;362;318;283;266
Powiat kraśnicki;060611207000;1209;1201;1150;1094;1038;1083;998;983;924;905;935;909;957;1014;969;965;900;893;839;792;763;784;829;818;720;686;636;546;503;441
Powiat łukowski;060611211000;1617;1619;1563;1488;1462;1485;1405;1310;1361;1278;1266;1258;1284;1418;1330;1435;1293;1320;1195;1246;1284;1212;1374;1258;1201;1157;1098;956;891;831
Powiat opolski;060611212000;865;782;732;761;716;660;628;600;625;599;647;673;633;698;660;673;620;612;546;570;525;558;599;542;536;466;439;422;336;305
Powiat puławski;060611214000;1340;1338;1329;1263;1200;1170;1203;1078;1155;1036;1116;1095;1138;1108;1142;1161;1053;1066;975;1012;917;965;1008;964;931;849;836;726;683;587
Powiat rycki;060611216000;769;758;758;716;698;682;657;610;617;593;641;620;595;611;647;655;550;571;531;580;562;564;628;539;574;565;460;462;389;324
Powiat bieszczadzki;061813301000;615;635;644;541;575;551;524;237;222;228;257;213;224;227;254;241;209;198;209;178;221;196;185;203;188;170;145;141;101;94
Powiat brzozowski;061813302000;904;929;888;863;827;852;803;790;748;730;715;720;719;802;787;759;683;761;707;691;643;675;732;693;669;671;577;544;453;409
Powiat jasielski;061813305000;1619;1649;1490;1495;1420;1417;1276;1235;1121;1147;1180;1091;1124;1143;1174;1223;1169;1146;1054;994;935;950;973;1099;1019;879;805;823;657;624
Powiat krośnieński;061813307000;1518;1393;1411;1374;1283;1312;1196;1150;1070;1069;1106;1140;1185;1273;1232;1204;1151;1140;1125;1083;1072;1050;1217;1127;1110;961;920;861;750;673
Powiat sanocki;061813317000;1070;1154;1119;1060;1052;1010;957;942;892;879;948;946;931;968;941;988;889;889;917;861;793;838;910;892;723;743;630;602;541;421
Powiat leski;061813321000;;;;;;;;258;265;240;248;248;252;267;246;278;254;222;244;225;200;237;233;229;231;224;188;169;178;114
Powiat m. Krosno;061813361000;493;520;489;470;456;482;402;405;417;394;409;406;433;468;433;469;424;445;407;422;384;388;412;389;334;373;327;309;274;248
Powiat jarosławski;061813404000;1619;1621;1542;1488;1546;1358;1329;1233;1218;1206;1125;1145;1207;1305;1310;1257;1220;1156;1147;1135;1151;1086;1166;1171;1135;1080;935;907;782;814
Powiat lubaczowski;061813409000;791;779;756;695;671;636;649;567;628;609;586;545;556;610;603;579;584;510;506;487;489;477;529;464;490;426;403;348;343;275
Powiat przemyski;061813413000;1007;1080;1079;1009;916;892;826;816;808;687;722;756;785;799;778;768;730;746;780;690;699;677;766;706;664;671;594;587;506;424
Powiat przeworski;061813414000;1072;1070;1024;965;942;990;858;858;802;815;851;841;816;900;905;865;836;812;735;755;733;746;831;829;765;738;666;642;564;501
Powiat m. Przemyśl;061813462000;801;765;761;620;659;641;596;606;602;558;638;565;614;639;657;570;516;535;518;524;486;500;598;541;488;444;382;319;309;300
Powiat kolbuszowski;061813506000;844;855;826;792;785;780;672;740;605;614;576;555;587;606;620;618;561;619;559;575;529;538;622;603;577;578;499;499;456;425
Powiat łańcucki;061813510000;1048;990;1022;975;930;906;821;844;809;806;806;792;804;915;957;943;900;859;867;848;866;917;954;922;921;895;749;783;635;593
Powiat ropczycko-sędziszowski;061813515000;994;993;941;896;917;940;806;826;811;770;791;794;790;819;846;877;803;862;799;793;733;819;899;910;837;847;821;741;650;590
Powiat rzeszowski;061813516000;2222;2274;2086;2057;2000;1971;1970;1790;1776;1762;1754;1676;1806;1830;1852;1710;1793;1776;1714;1761;1689;1775;1886;1957;1878;1789;1724;1560;1476;1399
Powiat strzyżowski;061813519000;837;829;839;820;739;698;700;594;675;666;608;594;633;657;652;656;606;689;579;566;554;614;650;635;610;558;517;478;420;371
Powiat m. Rzeszów;061813563000;1442;1460;1383;1428;1305;1411;1321;1296;1294;1387;1429;1493;1555;1768;1846;1845;1894;1987;1958;1961;1894;2161;2251;2287;2238;2200;2087;1897;1722;1918
Powiat dębicki;061813603000;1696;1716;1655;1566;1579;1500;1495;1405;1311;1409;1354;1353;1410;1422;1559;1550;1482;1388;1329;1337;1372;1326;1497;1443;1415;1323;1247;1116;985;863
Powiat leżajski;061813608000;915;952;931;948;850;854;776;775;683;701;675;693;693;716;732;690;697;677;690;614;628;631;684;697;647;602;582;589;472;455
Powiat mielecki;061813611000;1611;1697;1604;1492;1491;1459;1358;1369;1265;1352;1292;1266;1351;1451;1494;1341;1326;1299;1310;1245;1309;1430;1464;1388;1412;1265;1243;1166;1038;984
Powiat niżański;061813612000;939;923;867;804;723;723;685;628;605;617;574;621;629;662;596;619;574;574;553;562;529;537;632;576;617;526;506;441;434;358
Powiat stalowowolski;061813618000;1299;1286;1242;1138;1127;1099;1064;1007;944;951;976;901;944;1001;1015;961;942;910;902;894;842;888;987;915;831;816;707;624;606;534
Powiat tarnobrzeski;061813620000;680;727;626;616;604;603;575;519;526;525;487;481;503;509;458;525;478;462;436;438;424;453;487;465;462;466;406;401;312;284
Powiat m. Tarnobrzeg;061813664000;545;529;507;498;485;499;477;423;422;411;418;446;416;467;421;454;409;402;328;314;391;353;362;392;352;335;269;265;213;182
Powiat białostocki;062013702000;1553;1627;1478;1440;1358;1323;1268;1213;1225;1176;1159;1188;1226;1376;1408;1371;1337;1328;1274;1390;1300;1398;1360;1472;1411;1364;1357;1272;1233;1125
Powiat sokólski;062013711000;934;964;938;808;790;754;751;741;711;614;673;628;618;697;665;668;603;607;617;583;525;524;603;511;494;492;452;437;327;316
Powiat m. Białystok;062013761000;2751;2615;2654;2530;2352;2426;2374;2363;2391;2467;2637;2656;2723;2938;3080;3017;2849;2848;2783;2892;3014;3181;3597;3494;3313;3204;3051;2693;2425;2166
Powiat bielski;062013803000;730;724;613;621;591;508;532;534;510;487;495;523;493;548;566;563;536;509;486;528;441;484;503;479;494;437;424;350;323;310
Powiat hajnowski;062013805000;536;525;492;425;412;405;420;384;341;367;396;364;340;370;387;394;352;358;310;337;339;332;336;302;321;270;234;215;197;156
Powiat kolneński;062013806000;612;668;592;587;532;522;495;453;454;454;425;448;416;435;429;418;427;385;342;355;336;391;353;352;350;338;307;328;256;254
Powiat łomżyński;062013807000;820;804;719;664;653;679;602;582;500;494;538;555;521;538;601;584;500;549;532;540;483;467;531;483;460;456;436;407;369;321
Powiat siemiatycki;062013810000;658;637;628;579;560;514;449;463;395;371;326;360;359;405;448;393;348;365;314;342;365;361;357;319;345;300;259;247;235;222
Powiat wysokomazowiecki;062013813000;840;843;788;762;681;688;649;603;554;552;578;599;609;655;655;594;594;601;547;593;583;562;578;629;553;502;501;426;388;397
Powiat zambrowski;062013814000;607;577;620;562;536;524;483;443;451;401;445;467;458;470;496;464;451;458;398;419;395;424;435;436;427;390;377;354;349;294
Powiat m. Łomża;062013862000;730;726;715;668;616;641;567;558;545;546;579;535;606;593;648;635;585;552;531;589;534;570;652;693;641;570;492;481;427;394
Powiat augustowski;062013901000;787;755;737;690;702;667;672;625;583;583;582;577;592;594;617;549;519;582;519;531;506;544;546;506;535;435;457;372;366;337
Powiat grajewski;062013904000;658;740;658;612;602;558;531;536;523;501;533;501;511;532;525;491;462;480;433;444;449;439;486;418;442;371;376;328;262;250
Powiat moniecki;062013908000;611;544;566;531;459;500;432;415;363;394;340;371;345;418;356;381;375;316;361;327;329;340;358;368;321;269;290;238;245;204
Powiat sejneński;062013909000;267;302;282;252;259;273;211;206;198;191;210;173;208;236;214;193;211;173;185;190;169;177;169;180;151;155;125;139;114;106
Powiat suwalski;062013912000;581;591;551;500;484;473;429;448;434;414;390;395;452;423;383;444;377;371;356;360;373;417;421;382;356;326;300;273;231;211
Powiat m. Suwałki;062013963000;926;816;802;724;735;625;736;698;614;680;703;705;719;717;724;769;629;679;631;609;684;762;769;766;728;678;674;590;533;494
Powiat warszawski;071412831000;11576;11830;11433;11373;11344;11594;11543;;;;;;;;;;;;;;;;;;;;;;;
Powiat m. st. Warszawa;071412865000;;;;;;;;12075;12731;13990;15135;16403;17325;18523;18848;19680;18863;18795;18438;19511;19905;20980;21315;21276;21364;20669;19756;18081;15566;14859
Powiat legionowski;071412908000;821;861;750;878;787;750;806;779;759;779;935;979;1086;1137;1216;1335;1203;1273;1149;1127;1148;1209;1225;1188;1207;1107;1139;1105;850;908
Powiat miński;071412912000;1728;1622;1666;1585;1565;1603;1562;1337;1308;1307;1354;1439;1673;1744;1815;1754;1735;1720;1738;1754;1695;1668;1823;1765;1694;1709;1602;1446;1327;1207
Powiat otwocki;071412917000;1193;1155;1121;1049;1033;1081;1050;1043;1023;1086;1173;1174;1259;1328;1359;1393;1296;1359;1249;1311;1277;1396;1382;1383;1296;1215;1148;1086;990;899
Powiat wołomiński;071412934000;2103;2089;2023;1996;1915;1992;2073;1965;2126;2206;2138;2449;2525;2743;2763;2879;2710;2830;2755;2748;2901;3207;3219;3294;3252;3209;3030;2846;2610;2410
Powiat grodziski;071413005000;723;714;701;698;679;674;703;597;674;685;649;788;772;908;992;969;885;907;879;982;973;988;1018;1005;1040;1013;964;904;816;828
Powiat nowodworski;071413014000;900;852;820;808;747;760;792;744;742;741;746;774;899;919;854;937;880;828;759;806;792;831;835;826;794;742;717;706;623;581
Powiat piaseczyński;071413018000;1051;1079;1029;1012;974;1059;1060;1049;1216;1278;1441;1667;1700;1962;1928;2065;1919;1919;1851;1999;2150;2348;2313;2188;2195;2148;2185;2081;1873;1750
Powiat pruszkowski;071413021000;1225;1210;1223;1162;1135;1143;1161;1152;1219;1255;1323;1363;1492;1605;1667;1765;1758;1684;1675;1696;1780;1785;1900;1805;1802;1718;1657;1602;1482;1357
Powiat warszawski zachodni;071413032000;887;823;846;707;797;773;772;710;718;785;833;852;986;1046;1092;1124;1027;1062;1010;1103;1078;1150;1133;1233;1108;1135;1166;1178;1020;994
Powiat ciechanowski;071422502000;1205;1176;1151;1055;994;950;948;970;950;856;864;903;908;1024;1030;1038;949;977;920;913;878;886;976;892;894;826;732;705;657;600
Powiat mławski;071422513000;1055;1041;951;944;1000;843;834;749;778;724;693;806;747;812;825;795;842;702;712;725;713;745;805;741;722;654;628;633;584;531
Powiat płoński;071422520000;1175;1158;1062;1091;1002;1030;962;1017;899;883;878;979;948;983;1061;964;863;851;887;905;838;863;852;901;909;825;792;692;715;600
Powiat pułtuski;071422524000;669;703;684;636;603;562;569;565;505;546;498;542;585;583;600;539;558;595;505;541;563;529;613;575;549;540;487;479;389;380
Powiat żuromiński;071422537000;632;584;574;518;498;505;475;485;395;424;424;444;449;465;417;416;427;410;395;408;371;392;370;393;355;312;328;269;286;280
Powiat makowski;071422611000;702;698;674;594;665;527;548;580;494;517;534;547;529;583;606;535;518;532;467;504;444;454;483;445;448;410;381;400;327;323
Powiat ostrołęcki;071422615000;1373;1249;1282;1281;1161;1125;1041;1006;977;981;982;984;968;1060;1070;1092;995;955;943;967;920;943;1069;976;961;904;841;808;688;716
Powiat ostrowski;071422616000;1035;1092;1040;970;906;924;845;822;760;757;793;774;837;849;780;830;754;749;693;674;718;680;784;727;683;669;590;532;529;486
Powiat przasnyski;071422622000;775;799;747;722;714;665;703;644;669;599;609;603;677;665;619;643;598;603;555;609;569;588;644;612;577;529;494;450;453;394
Powiat wyszkowski;071422635000;1023;985;936;923;927;880;813;805;765;846;801;793;864;916;980;900;825;862;814;806;875;844;899;920;869;811;814;742;611;609
Powiat m. Ostrołęka;071422661000;626;596;585;524;573;568;522;553;524;534;514;524;579;552;609;569;551;527;555;482;537;524;602;584;517;485;421;377;380;338
Powiat białobrzeski;071422701000;459;467;435;446;401;415;417;420;419;411;406;395;413;456;506;419;397;375;355;362;395;361;407;438;402;369;310;301;286;274
Powiat kozienicki;071422707000;801;803;810;705;668;682;663;650;598;591;577;612;631;664;666;685;635;620;626;582;505;566;622;592;513;522;493;404;419;366
Powiat lipski;071422709000;491;485;421;431;401;376;349;356;340;337;324;330;303;358;385;359;324;375;303;331;282;290;303;285;307;279;232;211;208;190
Powiat przysuski;071422723000;608;613;618;539;540;522;491;436;447;407;422;412;386;432;489;472;395;431;403;435;381;364;421;418;395;360;342;275;298;257
Powiat radomski;071422725000;2012;1996;1834;1860;1778;1808;1655;1615;1584;1643;1581;1589;1693;1719;1729;1829;1606;1666;1607;1569;1568;1546;1748;1593;1649;1511;1390;1333;1247;1150
Powiat szydłowiecki;071422730000;596;577;558;552;514;497;469;465;376;402;448;388;406;433;463;430;441;417;381;394;394;382;391;374;335;334;311;297;262;241
Powiat zwoleński;071422736000;544;495;502;456;465;410;383;386;390;352;394;400;377;419;421;441;373;403;361;371;359;371;408;359;359;302;293;265;262;219
Powiat m. Radom;071422763000;2671;2541;2414;2416;2260;2273;2282;2151;2094;2220;2226;2261;2282;2344;2421;2338;2150;2036;1987;2004;1983;2059;2109;2018;1874;1769;1627;1444;1367;1212
Powiat gostyniński;071427004000;603;605;573;539;533;504;507;458;407;413;448;415;479;520;547;450;422;396;421;402;368;395;400;354;366;349;379;300;262;227
Powiat płocki;071427019000;1483;1428;1395;1300;1244;1190;1115;1119;1070;1046;1133;1163;1119;1104;1209;1229;1086;1134;1064;1036;1025;1041;1133;1039;1063;1013;879;884;783;774
Powiat sierpecki;071427027000;779;761;740;666;672;668;618;610;583;562;522;548;582;602;556;605;508;598;524;514;470;481;565;497;503;439;429;365;375;358
Powiat m. Płock;071427062000;1329;1354;1321;1293;1166;1202;1105;1092;1188;1137;1188;1298;1249;1375;1380;1286;1231;1285;1128;1146;1101;1167;1115;1095;1079;966;840;811;654;667
Powiat garwoliński;071427103000;1535;1462;1415;1339;1314;1339;1310;1223;1187;1310;1188;1226;1393;1336;1398;1358;1354;1293;1311;1341;1329;1366;1478;1426;1357;1223;1196;1131;1069;960
Powiat łosicki;071427110000;465;470;383;404;396;373;379;368;287;318;349;317;316;353;328;379;353;323;322;346;338;327;354;306;310;292;259;245;243;202
Powiat siedlecki;071427126000;1160;1234;1195;1032;1051;1037;960;887;874;901;839;944;892;931;867;972;936;951;899;916;867;911;959;906;936;864;858;789;705;696
Powiat sokołowski;071427129000;757;801;728;726;704;626;584;604;536;527;563;597;526;632;578;617;539;560;535;497;566;532;533;528;509;473;474;414;369;353
Powiat węgrowski;071427133000;905;930;907;795;779;805;745;738;679;734;676;686;753;809;732;807;740;713;747;749;707;753;762;731;707;655;556;560;544;483
Powiat m. Siedlce;071427164000;775;796;780;730;710;706;742;728;791;700;817;818;833;884;896;933;866;829;851;870;891;923;956;985;990;859;860;803;719;654
Powiat grójecki;071427306000;1243;1250;1213;1150;1071;1069;1048;987;987;1038;1003;975;1004;1139;1199;1049;1034;1026;1029;1022;1066;987;1141;1120;1060;964;891;874;796;704
Powiat sochaczewski;071427328000;989;921;974;893;857;868;828;799;796;805;797;836;903;930;963;969;889;894;846;873;927;944;946;902;875;844;810;750;681;605
Powiat żyrardowski;071427338000;820;828;777;711;715;774;744;671;735;733;765;790;792;867;977;907;823;816;751;808;809;810;839;790;752;702;637;671;578;571
