variable,coef,se,ci_lo,ci_hi,event_time,outcome
et_neg4,0.043740795228262415,0.012797649042964376,0.01865740310405224,0.06882418735247259,-4.0,ln_population
et_neg3,0.04665675879723404,0.012409489794237966,0.02233415880052763,0.07097935879394046,-3.0,ln_population
et_neg2,0.04873159392381794,0.012060273069666786,0.025093458707271043,0.07236972914036484,-2.0,ln_population
et_neg1_ref,0.0,0.0,0.0,0.0,-1.0,ln_population
et_0,0.058582713219142955,0.010760545995347252,0.03749204306826234,0.07967338337002357,0.0,ln_population
et_1,0.05922681625728392,0.01045827854145546,0.038728590316031215,0.07972504219853663,1.0,ln_population
et_2,0.05802029884291859,0.010137074622739582,0.03815163258234901,0.07788896510348817,2.0,ln_population
et_3,0.06676106769733381,0.009318642577969048,0.048496528244514475,0.08502560715015314,3.0,ln_population
et_4,0.061436088826198464,0.009682710703362938,0.042457975847607105,0.08041420180478982,4.0,ln_population
et_5,0.06045212445201049,0.009343861454833905,0.04213815600053603,0.07876609290348494,5.0,ln_population
et_6,0.058502832645389524,0.00891631523937578,0.041026854776213,0.07597881051456605,6.0,ln_population
et_7,0.05598809713361875,0.008614416762762247,0.039103840278604744,0.07287235398863276,7.0,ln_population
et_8,0.05280236268384765,0.00831213165456798,0.036510584640894406,0.0690941407268009,8.0,ln_population
et_9,0.05036984058405691,0.007925902050262668,0.03483507256554209,0.06590460860257175,9.0,ln_population
et_10,0.04783256499907346,0.007686328959860385,0.0327673602377471,0.06289776976039982,10.0,ln_population
et_11,0.028436149462649548,0.006758088019144448,0.015190296945126431,0.04168200198017266,11.0,ln_population
et_12,0.02539344208025437,0.006404835202120836,0.012839965084097533,0.037946919076411206,12.0,ln_population
et_13,0.02279463903320223,0.006127730846703178,0.010784286573664002,0.03480499149274046,13.0,ln_population
et_14,0.022338262918725087,0.004722374122292738,0.01308240963903132,0.031594116198418856,14.0,ln_population
et_15,0.019013530670227284,0.00438090522821554,0.010426956422924825,0.027600104917529743,15.0,ln_population
et_16,0.016649991677320213,0.003969306918229781,0.008870150117589843,0.024429833237050586,16.0,ln_population
et_17,0.013905306163760888,0.0036529958256378476,0.006745434345510707,0.021065177982011067,17.0,ln_population
et_18,0.012189690238357857,0.0033926700200350548,0.00554005699908915,0.018839323477626565,18.0,ln_population
et_19,0.009183435135510587,0.0031227012666715124,0.003062940652834423,0.015303929618186753,19.0,ln_population
et_20,0.006712524863913946,0.0029668352080838446,0.0008975278560696106,0.01252752187175828,20.0,ln_population
et_neg1_ref,0.0,0.0,0.0,0.0,-1.0,firms_per_1k
et_3,7.900168417821959,3.2679992552330543,1.494889877565173,14.305446958078745,3.0,firms_per_1k
et_4,6.8147073677672285,3.176537379738609,0.588694103479555,13.040720632054903,4.0,firms_per_1k
et_5,6.530008011103105,3.1179793554340955,0.4187684744522775,12.641247547753931,5.0,firms_per_1k
et_6,5.831586323171775,2.898990651260601,0.14956464670099745,11.513607999642552,6.0,firms_per_1k
et_7,3.32960342059076,2.840493257996394,-2.2377633650821718,8.896970206263692,7.0,firms_per_1k
et_8,2.871599211971469,2.6641545855792406,-2.350143775763842,8.09334219970678,8.0,firms_per_1k
et_9,2.4506333687227757,2.511628170002116,-2.472157844481371,7.373424581926923,9.0,firms_per_1k
et_10,3.8240144347797975,2.1159199254366037,-0.32318861907594565,7.97121748863554,10.0,firms_per_1k
et_11,4.762646247944898,1.8867408976030207,1.0646340886429773,8.460658407246818,11.0,firms_per_1k
et_12,3.0476769399305343,1.6311649710486784,-0.1494064033248752,6.2447602831859435,12.0,firms_per_1k
et_13,3.4856233349794956,1.4733215852589352,0.5979130278719826,6.373333642087008,13.0,firms_per_1k
et_14,3.298795067986605,1.3184237906752838,0.7146844382630486,5.882905697710161,14.0,firms_per_1k
et_15,2.8082499421570377,1.189741353104734,0.47635689007175896,5.140142994242316,15.0,firms_per_1k
et_16,2.703471610246277,1.0142394168176307,0.7155623532837208,4.691380867208833,16.0,firms_per_1k
et_17,2.3699870376416077,0.868609205121325,0.6675129956038106,4.072461079679405,17.0,firms_per_1k
et_18,1.995402189011193,0.7285697915007978,0.5674053976696294,3.423398980352757,18.0,firms_per_1k
et_19,-0.6542949623244294,0.6661223086958854,-1.9598946873683647,0.6513047627195059,19.0,firms_per_1k
et_20,-1.3925617338694158,0.4659639770205572,-2.305851128829708,-0.4792723389091238,20.0,firms_per_1k
et_neg1_ref,0.0,0.0,0.0,0.0,-1.0,unemployment
et_5,-2.558182366542729,0.7196993815278111,-3.968793154337239,-1.1475715787482192,5.0,unemployment
et_6,-2.3267658590529887,0.6629967689245656,-3.6262395261451372,-1.0272921919608402,6.0,unemployment
et_7,-1.8107811400422995,0.5824292992918216,-2.95234256665427,-0.669219713430329,7.0,unemployment
et_8,-1.2579310344827928,0.4681300403548823,-2.1754659135783623,-0.34039615538722345,8.0,unemployment
et_9,-0.8877792299185956,0.38956319156042946,-1.6513230853770373,-0.12423537446015387,9.0,unemployment
et_10,-1.443192922489271,0.4165807410292356,-2.259691174906573,-0.6266946700719692,10.0,unemployment
et_11,-1.447837538956551,0.44585981595699964,-2.32172277823227,-0.5739522996808317,11.0,unemployment
et_12,-1.3731718105961175,0.42655855037897733,-2.209226569338913,-0.5371170518533219,12.0,unemployment
et_13,-1.3614898964512505,0.43540541909698416,-2.214884517881339,-0.5080952750211616,13.0,unemployment
et_14,-1.5024670755002125,0.44670416195507273,-2.378007232932155,-0.62692691806827,14.0,unemployment
et_15,-0.7344465668041438,0.4108495200543764,-1.5397116261107215,0.070818492502434,15.0,unemployment
et_16,-0.4077551020408224,0.35584433603744464,-1.1052100006742138,0.2896997965925691,16.0,unemployment
et_17,0.025290037197097492,0.32147059851931375,-0.6047923359007574,0.6553724102949525,17.0,unemployment
et_18,0.27877349954756936,0.22777601610058829,-0.1676674920095837,0.7252144911047225,18.0,unemployment
et_19,0.34353674474708507,0.16889050937798977,0.01251134636622514,0.6745621431279449,19.0,unemployment
et_20,0.39061626621088646,0.1390934291530793,0.11799314507085107,0.6632393873509219,20.0,unemployment
et_neg1_ref,0.0,0.0,0.0,0.0,-1.0,ln_wages_avg
et_3,0.020391572214111586,0.016814749987969276,-0.012565337762308192,0.053348482190531364,3.0,ln_wages_avg
et_4,0.01394428888744991,0.016638612074296066,-0.01866739077817038,0.046555968553070204,4.0,ln_wages_avg
et_5,0.0013236439425130173,0.015714678012604004,-0.029477124962190827,0.032124412847216864,5.0,ln_wages_avg
et_6,-0.004840776277948924,0.015518109537304363,-0.03525627097106548,0.025574718415167626,6.0,ln_wages_avg
et_7,-0.005995858057227737,0.015482626575721335,-0.03634180614564155,0.02435009003118608,7.0,ln_wages_avg
et_8,-0.008484646431919152,0.015463648879272566,-0.03879339823529338,0.02182410537145508,8.0,ln_wages_avg
et_9,-0.010548925485001697,0.015500495120554446,-0.040929895921288414,0.019832044951285016,9.0,ln_wages_avg
et_10,-0.004516464193764517,0.015134139874245025,-0.03417937834728477,0.02514644995975573,10.0,ln_wages_avg
et_11,-0.011563316283616983,0.015319069241881617,-0.04158869199770495,0.018462059430470988,11.0,ln_wages_avg
et_12,-0.014471955604470673,0.015583227432817757,-0.045015081372793475,0.01607117016385213,12.0,ln_wages_avg
et_13,-0.019094778833671076,0.015094048256390947,-0.04867911341619734,0.01048955574885518,13.0,ln_wages_avg
et_14,-0.014498201753684886,0.014742525375109115,-0.04339355148889875,0.01439714798152898,14.0,ln_wages_avg
et_15,-0.020337112551560756,0.014173686646323411,-0.04811753837835464,0.007443313275233128,15.0,ln_wages_avg
et_16,-0.016115527258956007,0.013705543946301725,-0.04297839339370739,0.010747338875795372,16.0,ln_wages_avg
et_17,-0.016518873831509646,0.01352811911153688,-0.04303398729012193,0.009996239627102638,17.0,ln_wages_avg
et_18,-0.023705050336765517,0.012902515426004652,-0.04899398057173464,0.0015838798982036016,18.0,ln_wages_avg
et_19,-0.024139801427430628,0.013047700194457617,-0.04971329380856756,0.0014336909537063028,19.0,ln_wages_avg
et_20,-0.016057116683593622,0.012230200514469056,-0.04002830969195297,0.007914076324765727,20.0,ln_wages_avg
et_neg4,0.4804887339877891,0.34597884311876614,-0.19762979852499257,1.1586072665005707,-4.0,nat_change_rate
et_neg3,0.5444965664884938,0.33851216964257924,-0.11898728601096153,1.207980418987949,-3.0,nat_change_rate
et_neg2,0.5134482266058596,0.3359017045209642,-0.14491911425523019,1.1718155674669495,-2.0,nat_change_rate
et_neg1_ref,0.0,0.0,0.0,0.0,-1.0,nat_change_rate
et_0,0.5548471462901413,0.3070586808925343,-0.04698786825922585,1.1566821608395084,0.0,nat_change_rate
et_1,0.7224276636210631,0.29214010812173147,0.14983305170246952,1.2950222755396568,1.0,nat_change_rate
et_2,0.44290460079436034,0.29699520626039366,-0.1392060034760112,1.0250152050647319,2.0,nat_change_rate
et_3,0.72821809150255,0.2719671850473801,0.19516240880968505,1.261273774195415,3.0,nat_change_rate
et_4,0.9660106761259996,0.2815994937964542,0.41407566828494935,1.5179456839670498,4.0,nat_change_rate
et_5,0.7607631527554293,0.24764859943141293,0.27537189786985994,1.2461544076409985,5.0,nat_change_rate
et_6,0.7972422128498878,0.2325307819727288,0.34148188018333936,1.2530025455164364,6.0,nat_change_rate
et_7,0.6896372662175618,0.21958819812023356,0.25924439790190407,1.1200301345332195,7.0,nat_change_rate
et_8,0.5917342640275454,0.20604787858996726,0.18788042199120952,0.9955881060638812,8.0,nat_change_rate
et_9,0.5523511801147396,0.22638252176627827,0.10864143745283422,0.996060922776645,9.0,nat_change_rate
et_10,0.7646206584141011,0.21487103652792586,0.34347342681936643,1.1857678900088358,10.0,nat_change_rate
et_11,0.5542499835200355,0.15739644376420386,0.24575295374219597,0.8627470132978751,11.0,nat_change_rate
et_12,0.5226020787454216,0.1693333549330582,0.19070870307662757,0.8544954544142157,12.0,nat_change_rate
et_13,0.4228004792631,0.18658173001081924,0.0571002884418943,0.7885006700843057,13.0,nat_change_rate
et_14,0.3675380249086891,0.1983258089523735,-0.021180560637962975,0.7562566104553412,14.0,nat_change_rate
et_15,0.10318717159417527,0.18634441570341706,-0.26204788318452216,0.46842222637287273,15.0,nat_change_rate
et_16,0.3956956854264842,0.1482776913529294,0.1050714103747426,0.6863199604782257,16.0,nat_change_rate
et_17,0.39826963038385005,0.11346228055815893,0.17588356048985854,0.6206557002778416,17.0,nat_change_rate
et_18,0.38281356473043776,0.12406158353725222,0.1396528609974234,0.6259742684634522,18.0,nat_change_rate
et_19,0.3378400919161744,0.11635934961440901,0.10977576667193276,0.5659044171604161,19.0,nat_change_rate
et_20,0.12420050411954174,0.1545313286382278,-0.1786809000113847,0.4270819082504682,20.0,nat_change_rate
et_neg4,-0.9165337143567528,0.2440942023131857,-1.3949583508905967,-0.4381090778229088,-4.0,birth_rate
et_neg3,-0.9748179489754955,0.21550905651560248,-1.3972156997460763,-0.5524201982049146,-3.0,birth_rate
et_neg2,-0.9862700145542648,0.22871236053578647,-1.4345462412044063,-0.5379937879041232,-2.0,birth_rate
et_neg1_ref,0.0,0.0,0.0,0.0,-1.0,birth_rate
et_0,-0.9421568160209125,0.19520270226599332,-1.3247541124622595,-0.5595595195795656,0.0,birth_rate
et_1,-0.7132202187149097,0.20389606924145337,-1.1128565144281584,-0.3135839230016611,1.0,birth_rate
et_2,-0.7786709521049473,0.17437814388598477,-1.1204521141214774,-0.43688979008841716,2.0,birth_rate
et_3,-0.5187452184394774,0.1736036786025654,-0.8590084285005055,-0.17848200837844924,3.0,birth_rate
et_4,-0.3003972520519865,0.1408944315239444,-0.5765503378389175,-0.024244166265055433,4.0,birth_rate
et_5,-0.4047496852770135,0.14040465229588603,-0.6799428037769502,-0.1295565667770769,5.0,birth_rate
et_6,-0.25069223742212215,0.1248787850962715,-0.4954546562108143,-0.005929818633430034,6.0,birth_rate
et_7,-0.20608574576254532,0.13074721619855806,-0.4623502895117191,0.05017879798662847,7.0,birth_rate
et_8,-0.3575603791148505,0.11869903748947712,-0.5902104925942256,-0.12491026563547536,8.0,birth_rate
et_9,-0.4785526544259657,0.13247756001985883,-0.738208672064889,-0.21889663678704235,9.0,birth_rate
et_10,-0.2721751543085142,0.14628529591639322,-0.5588943343046449,0.014544025687616535,10.0,birth_rate
et_11,-0.06880213310629046,0.10427925000402158,-0.27318946311417275,0.13558519690159182,11.0,birth_rate
et_12,-0.20817911912966106,0.11117806479750442,-0.4260881261327697,0.009729887873447585,12.0,birth_rate
et_13,-0.192130983500078,0.10895911657626979,-0.4056908519895668,0.021428884989410785,13.0,birth_rate
et_14,-0.16916924125462499,0.10244993181662125,-0.36997110761520263,0.03163262510595266,14.0,birth_rate
et_15,-0.17051214878988175,0.11344607302867213,-0.3928664519260791,0.051842154346315616,15.0,birth_rate
et_16,0.0721863540631743,0.09368437448896998,-0.11143501993520687,0.25580772806155544,16.0,birth_rate
et_17,0.13917874966809385,0.09456858319771642,-0.04617567339943035,0.32453317273561805,17.0,birth_rate
et_18,0.11857255342047762,0.12159907615208022,-0.1197616358375996,0.3569067426785548,18.0,birth_rate
et_19,0.24332858224154633,0.11550548641215469,0.016937828873723138,0.4697193356093695,19.0,birth_rate
et_20,0.09156200172533396,0.11662478697150243,-0.1370225807388108,0.3201465841894787,20.0,birth_rate
et_neg4,-1.3970224483445415,0.2062433856439432,-1.8012594842066703,-0.9927854124824128,-4.0,death_rate
et_neg3,-1.51931451546399,0.2030937680899734,-1.9173783009203378,-1.1212507300076422,-3.0,death_rate
et_neg2,-1.4997182411601246,0.20138484432026327,-1.8944325360278407,-1.1050039462924086,-2.0,death_rate
et_neg1_ref,0.0,0.0,0.0,0.0,-1.0,death_rate
et_0,-1.497003962311054,0.1542209280239038,-1.7992769812379055,-1.1947309433842026,0.0,death_rate
et_1,-1.435647882335973,0.15505539165884044,-1.7395564499873002,-1.131739314684646,1.0,death_rate
et_2,-1.221575552899307,0.1800710644166725,-1.5745148391559851,-0.868636266642629,2.0,death_rate
et_3,-1.2469633099420276,0.15525051402772624,-1.551254317436371,-0.9426723024476842,3.0,death_rate
et_4,-1.2664079281779863,0.17541134712106057,-1.610214168535265,-0.9226016878207076,4.0,death_rate
et_5,-1.1655128380324438,0.1448956496052762,-1.4495083112587852,-0.8815173648061024,5.0,death_rate
et_6,-1.0479344502720103,0.14930516458831475,-1.3405725728651072,-0.7552963276789133,6.0,death_rate
et_7,-0.895723011980107,0.12781597137059025,-1.1462423158664639,-0.64520370809375,7.0,death_rate
et_8,-0.9492946431423956,0.13208077533869775,-1.2081729628062432,-0.6904163234785481,8.0,death_rate
et_9,-1.0309038345407047,0.14040268182761415,-1.3060930909228283,-0.755714578158581,9.0,death_rate
et_10,-1.0367958127226151,0.11802596810047383,-1.2681267101995437,-0.8054649152456864,10.0,death_rate
et_11,-0.6230521166263258,0.11108894938470738,-0.8407864574203522,-0.40531777583229933,11.0,death_rate
et_12,-0.7307811978750828,0.1213352171553774,-0.9685982234996224,-0.49296417225054306,12.0,death_rate
et_13,-0.6149314627631781,0.12696375045850883,-0.8637804136618554,-0.3660825118645008,13.0,death_rate
et_14,-0.5367072661633148,0.14281875907375252,-0.8166320339478697,-0.2567824983787598,14.0,death_rate
et_15,-0.27369932038405664,0.11584946746569479,-0.5007642766168184,-0.04663436415129488,15.0,death_rate
et_16,-0.3235093313633101,0.11014849004143644,-0.5394003718445255,-0.10761829088209471,16.0,death_rate
et_17,-0.25909088071575576,0.11982217431473727,-0.4939423423726408,-0.024239419058870726,17.0,death_rate
et_18,-0.26424101130995997,0.10326379423769812,-0.4666380480158483,-0.06184397460407168,18.0,death_rate
et_19,-0.09451150967462853,0.0796463727054183,-0.2506184001772484,0.06159538082799133,19.0,death_rate
et_20,-0.03263850239420803,0.09237926688572225,-0.21370186549022363,0.14842486070180755,20.0,death_rate
